Entry	Reviewed	Entry name	Protein names	Gene names	Organism	Length	Gene names (primary)
Q8N1A0	reviewed	KT222_HUMAN	Keratin-like protein KRT222 (Keratin-222) (Keratin-222 pseudogene)	KRT222 KA21 KRT222P	Homo sapiens (Human)	295	KRT222
P78385	reviewed	KRT83_HUMAN	Keratin, type II cuticular Hb3 (Hair keratin K2.10) (Keratin-83) (K83) (Type II hair keratin Hb3) (Type-II keratin Kb23)	KRT83 KRTHB3	Homo sapiens (Human)	493	KRT83
P78386	reviewed	KRT85_HUMAN	Keratin, type II cuticular Hb5 (Hair keratin K2.12) (Keratin-85) (K85) (Type II hair keratin Hb5) (Type-II keratin Kb25)	KRT85 KRTHB5	Homo sapiens (Human)	507	KRT85
Q5XKE5	reviewed	K2C79_HUMAN	Keratin, type II cytoskeletal 79 (Cytokeratin-79) (CK-79) (Keratin-6-like) (Keratin-6L) (Keratin-79) (K79) (Type-II keratin Kb38)	KRT79 K6L KB38 KRT6L	Homo sapiens (Human)	535	KRT79
O43790	reviewed	KRT86_HUMAN	Keratin, type II cuticular Hb6 (Hair keratin K2.11) (Keratin-86) (K86) (Type II hair keratin Hb6) (Type-II keratin Kb26)	KRT86 KRTHB6	Homo sapiens (Human)	486	KRT86
Q9NSB4	reviewed	KRT82_HUMAN	Keratin, type II cuticular Hb2 (Keratin-82) (K82) (Type II hair keratin Hb2) (Type-II keratin Kb22)	KRT82 KRTHB2	Homo sapiens (Human)	513	KRT82
Q9NSB2	reviewed	KRT84_HUMAN	Keratin, type II cuticular Hb4 (Keratin-84) (K84) (Type II hair keratin Hb4) (Type-II keratin Kb24)	KRT84 KRTHB4	Homo sapiens (Human)	600	KRT84
P35908	reviewed	K22E_HUMAN	Keratin, type II cytoskeletal 2 epidermal (Cytokeratin-2e) (CK-2e) (Epithelial keratin-2e) (Keratin-2 epidermis) (Keratin-2e) (K2e) (Type-II keratin Kb2)	KRT2 KRT2A KRT2E	Homo sapiens (Human)	639	KRT2
Q8N1N4	reviewed	K2C78_HUMAN	Keratin, type II cytoskeletal 78 (Cytokeratin-78) (CK-78) (Keratin-5b) (Keratin-78) (K78) (Type-II keratin Kb40)	KRT78 K5B KB40	Homo sapiens (Human)	520	KRT78
O76013	reviewed	KRT36_HUMAN	Keratin, type I cuticular Ha6 (Hair keratin, type I Ha6) (Keratin-36) (K36)	KRT36 HHA6 HKA6 KRTHA6	Homo sapiens (Human)	467	KRT36
Q14532	reviewed	K1H2_HUMAN	Keratin, type I cuticular Ha2 (Hair keratin, type I Ha2) (Keratin-32) (K32)	KRT32 HHA2 HKA2 KRTHA2	Homo sapiens (Human)	448	KRT32
Q15323	reviewed	K1H1_HUMAN	Keratin, type I cuticular Ha1 (Hair keratin, type I Ha1) (Keratin-31) (K31)	KRT31 HHA1 HKA1 KRTHA1	Homo sapiens (Human)	416	KRT31
Q92764	reviewed	KRT35_HUMAN	Keratin, type I cuticular Ha5 (Hair keratin, type I Ha5) (Keratin-35) (K35)	KRT35 HHA5 HKA5 KRTHA5	Homo sapiens (Human)	455	KRT35
O76011	reviewed	KRT34_HUMAN	Keratin, type I cuticular Ha4 (Hair keratin, type I Ha4) (Keratin-34) (K34)	KRT34 HHA4 HKA4 KRTHA4	Homo sapiens (Human)	394	KRT34
O76015	reviewed	KRT38_HUMAN	Keratin, type I cuticular Ha8 (Hair keratin, type I Ha8) (Keratin-38) (K38)	KRT38 HHA8 HKA8 KRTHA8	Homo sapiens (Human)	456	KRT38
O76014	reviewed	KRT37_HUMAN	Keratin, type I cuticular Ha7 (Hair keratin, type I Ha7) (Keratin-37) (K37)	KRT37 HHA7 HKA7 KRTHA7	Homo sapiens (Human)	449	KRT37
O95678	reviewed	K2C75_HUMAN	Keratin, type II cytoskeletal 75 (Cytokeratin-75) (CK-75) (Keratin-6 hair follicle) (hK6hf) (Keratin-75) (K75) (Type II keratin-K6hf) (Type-II keratin Kb18)	KRT75 K6HF KB18	Homo sapiens (Human)	551	KRT75
P60368	reviewed	KR102_HUMAN	Keratin-associated protein 10-2 (High sulfur keratin-associated protein 10.2) (Keratin-associated protein 10.2) (Keratin-associated protein 18-2) (Keratin-associated protein 18.2)	KRTAP10-2 KAP10.2 KAP18-2 KRTAP10.2 KRTAP18-2 KRTAP18.2	Homo sapiens (Human)	255	KRTAP10-2
P60370	reviewed	KR105_HUMAN	Keratin-associated protein 10-5 (High sulfur keratin-associated protein 10.5) (Keratin-associated protein 10.5) (Keratin-associated protein 18-5) (Keratin-associated protein 18.5)	KRTAP10-5 KAP10.5 KAP18-5 KRTAP10.5 KRTAP18-5 KRTAP18.5	Homo sapiens (Human)	271	KRTAP10-5
P60412	reviewed	KR10B_HUMAN	Keratin-associated protein 10-11 (High sulfur keratin-associated protein 10.11) (Keratin-associated protein 10.11) (Keratin-associated protein 18-11) (Keratin-associated protein 18.11)	KRTAP10-11 KAP10.11 KAP18-11 KRTAP10.11 KRTAP18-11 KRTAP18.11	Homo sapiens (Human)	298	KRTAP10-11
Q9BYQ7	reviewed	KRA41_HUMAN	Keratin-associated protein 4-1 (Keratin-associated protein 4-10) (Keratin-associated protein 4.1) (Keratin-associated protein 4.10) (Ultrahigh sulfur keratin-associated protein 4.10)	KRTAP4-1 KAP4.10 KRTAP4-10 KRTAP4.1 KRTAP4.10	Homo sapiens (Human)	146	KRTAP4-1
P60014	reviewed	KR10A_HUMAN	Keratin-associated protein 10-10 (High sulfur keratin-associated protein 10.10) (Keratin-associated protein 10.10) (Keratin-associated protein 18-10) (Keratin-associated protein 18.10)	KRTAP10-10 KAP10.10 KAP18-10 KRTAP10.10 KRTAP18-1 KRTAP18.10	Homo sapiens (Human)	251	KRTAP10-10
P60410	reviewed	KR108_HUMAN	Keratin-associated protein 10-8 (High sulfur keratin-associated protein 10.8) (Keratin-associated protein 10.8) (Keratin-associated protein 18-8) (Keratin-associated protein 18.8)	KRTAP10-8 KAP10.8 KAP18-8 KRTAP10.8 KRTAP18-8 KRTAP18.8	Homo sapiens (Human)	259	KRTAP10-8
P60411	reviewed	KR109_HUMAN	Keratin-associated protein 10-9 (High sulfur keratin-associated protein 10.9) (Keratin-associated protein 10.9) (Keratin-associated protein 18-9) (Keratin-associated protein 18.9)	KRTAP10-9 KAP10.9 KAP18-9 KRTAP10.9 KRTAP18-9 KRTAP18.9	Homo sapiens (Human)	292	KRTAP10-9
Q9BYQ5	reviewed	KRA46_HUMAN	Keratin-associated protein 4-6 (Keratin-associated protein 4-15) (Keratin-associated protein 4.15) (Keratin-associated protein 4.6) (Ultrahigh sulfur keratin-associated protein 4.15)	KRTAP4-6 KAP4.15 KRTAP4-15 KRTAP4.15 KRTAP4.6	Homo sapiens (Human)	205	KRTAP4-6
Q8IUG1	reviewed	KRA13_HUMAN	Keratin-associated protein 1-3 (Keratin-associated protein 1.8) (Keratin-associated protein 1.9)	KRTAP1-3 B2B KAP1.2 KAP1.3 KAP1.8 KAP1.9 KRATP1.9 KRTAP1.8	Homo sapiens (Human)	167	KRTAP1-3
P60409	reviewed	KR107_HUMAN	Keratin-associated protein 10-7 (High sulfur keratin-associated protein 10.7) (Keratin-associated protein 10.7) (Keratin-associated protein 18-7) (Keratin-associated protein 18.7)	KRTAP10-7 KAP10.7 KAP18-7 KRTAP10.7 KRTAP18-7 KRTAP18.7	Homo sapiens (Human)	370	KRTAP10-7
Q6L8G8	reviewed	KRA57_HUMAN	Keratin-associated protein 5-7 (Keratin-associated protein 5-3) (Keratin-associated protein 5.3) (Keratin-associated protein 5.7) (Ultrahigh sulfur keratin-associated protein 5.7)	KRTAP5-7 KAP5-7 KAP5.3 KRTAP5.3 KRTAP5.7	Homo sapiens (Human)	165	KRTAP5-7
Q9BYP9	reviewed	KRA99_HUMAN	Keratin-associated protein 9-9 (Keratin-associated protein 9-5) (Keratin-associated protein 9.5) (Keratin-associated protein 9.9) (Ultrahigh sulfur keratin-associated protein 9.9)	KRTAP9-9 KAP9.5 KAP9.9 KRTAP9-5 KRTAP9.5 KRTAP9.9	Homo sapiens (Human)	154	KRTAP9-9
P60371	reviewed	KR106_HUMAN	Keratin-associated protein 10-6 (High sulfur keratin-associated protein 10.6) (Keratin-associated protein 10.6) (Keratin-associated protein 18-6) (Keratin-associated protein 18.6)	KRTAP10-6 KAP10.6 KAP18-6 KRTAP10.6 KRTAP18-6 KRTAP18.6	Homo sapiens (Human)	365	KRTAP10-6
P60372	reviewed	KR104_HUMAN	Keratin-associated protein 10-4 (High sulfur keratin-associated protein 10.4) (Keratin-associated protein 10.4) (Keratin-associated protein 18-4) (Keratin-associated protein 18.4)	KRTAP10-4 KAP10.4 KAP18-4 KRTAP10.4 KRTAP18-4 KRTAP18.4	Homo sapiens (Human)	401	KRTAP10-4
Q07627	reviewed	KRA11_HUMAN	Keratin-associated protein 1-1 (High sulfur keratin-associated protein 1.1) (Keratin-associated protein 1.1) (Keratin-associated protein 1.6) (Keratin-associated protein 1.7)	KRTAP1-1 B2A KAP1.1 KAP1.6 KAP1.7 KRTAP1.1	Homo sapiens (Human)	177	KRTAP1-1
Q701N4	reviewed	KRA52_HUMAN	Keratin-associated protein 5-2 (Keratin-associated protein 5-8) (Keratin-associated protein 5.2) (Keratin-associated protein 5.8) (Ultrahigh sulfur keratin-associated protein 5.2)	KRTAP5-2 KAP5-8 KAP5.2 KRTAP5-8 KRTAP5.2 KRTAP5.8	Homo sapiens (Human)	177	KRTAP5-2
Q7RTS7	reviewed	K2C74_HUMAN	Keratin, type II cytoskeletal 74 (Cytokeratin-74) (CK-74) (Keratin-5c) (K5C) (Keratin-74) (K74) (Type II inner root sheath-specific keratin-K6irs4) (Type-II keratin Kb37)	KRT74 K6IRS4 KB37 KRT5C KRT6IRS4	Homo sapiens (Human)	529	KRT74
Q9BYQ6	reviewed	KR411_HUMAN	Keratin-associated protein 4-11 (Keratin-associated protein 4-14) (Keratin-associated protein 4.11) (Keratin-associated protein 4.14) (Ultrahigh sulfur keratin-associated protein 4.14)	KRTAP4-11 KAP4.14 KRTAP4-14 KRTAP4.11 KRTAP4.14	Homo sapiens (Human)	195	KRTAP4-11
Q14525	reviewed	KT33B_HUMAN	Keratin, type I cuticular Ha3-II (Hair keratin, type I Ha3-II) (Keratin-33B) (K33B)	KRT33B HHA3-II HKA3B KRTHA3B	Homo sapiens (Human)	404	KRT33B
Q9BYR3	reviewed	KRA44_HUMAN	Keratin-associated protein 4-4 (Keratin-associated protein 4-13) (Keratin-associated protein 4.13) (Keratin-associated protein 4.4) (Ultrahigh sulfur keratin-associated protein 4.13) (Ultrahigh sulfur keratin-associated protein 4.4)	KRTAP4-4 KAP4.13 KAP4.4 KRTAP4-13 KRTAP4.13 KRTAP4.4	Homo sapiens (Human)	166	KRTAP4-4
P26371	reviewed	KRA59_HUMAN	Keratin-associated protein 5-9 (Keratin, cuticle, ultrahigh sulfur 1) (Keratin, ultra high-sulfur matrix protein A) (Keratin-associated protein 5.9) (UHS keratin A) (UHS KerA) (Ultrahigh sulfur keratin-associated protein 5.9)	KRTAP5-9 KAP5.9 KRN1 KRTAP5.9 UHSK1	Homo sapiens (Human)	169	KRTAP5-9
P05787	reviewed	K2C8_HUMAN	Keratin, type II cytoskeletal 8 (Cytokeratin-8) (CK-8) (Keratin-8) (K8) (Type-II keratin Kb8)	KRT8 CYK8	Homo sapiens (Human)	483	KRT8
P48668	reviewed	K2C6C_HUMAN	Keratin, type II cytoskeletal 6C (Cytokeratin-6C) (CK-6C) (Cytokeratin-6E) (CK-6E) (Keratin K6h) (Keratin-6C) (K6C) (Type-II keratin Kb12)	KRT6C KRT6E	Homo sapiens (Human)	564	KRT6C
P19013	reviewed	K2C4_HUMAN	Keratin, type II cytoskeletal 4 (Cytokeratin-4) (CK-4) (Keratin-4) (K4) (Type-II keratin Kb4)	KRT4 CYK4	Homo sapiens (Human)	520	KRT4
Q6KB66	reviewed	K2C80_HUMAN	Keratin, type II cytoskeletal 80 (Cytokeratin-80) (CK-80) (Keratin-80) (K80) (Type-II keratin Kb20)	KRT80 KB20	Homo sapiens (Human)	452	KRT80
Q7Z794	reviewed	K2C1B_HUMAN	Keratin, type II cytoskeletal 1b (Cytokeratin-1B) (CK-1B) (Keratin-77) (K77) (Type-II keratin Kb39)	KRT77 KRT1B	Homo sapiens (Human)	578	KRT77
P04259	reviewed	K2C6B_HUMAN	Keratin, type II cytoskeletal 6B (Cytokeratin-6B) (CK-6B) (Keratin-6B) (K6B) (Type-II keratin Kb10)	KRT6B K6B KRTL1	Homo sapiens (Human)	564	KRT6B
Q3SY84	reviewed	K2C71_HUMAN	Keratin, type II cytoskeletal 71 (Cytokeratin-71) (CK-71) (Keratin-71) (K71) (Type II inner root sheath-specific keratin-K6irs1) (Keratin 6 irs) (hK6irs) (hK6irs1) (Type-II keratin Kb34)	KRT71 K6IRS1 KB34 KRT6IRS1	Homo sapiens (Human)	523	KRT71
Q14533	reviewed	KRT81_HUMAN	Keratin, type II cuticular Hb1 (Hair keratin K2.9) (Keratin, hair, basic, 1) (Keratin-81) (K81) (Metastatic lymph node 137 gene protein) (MLN 137) (Type II hair keratin Hb1) (Type-II keratin Kb21) (ghHKb1) (ghHb1)	KRT81 KRTHB1 MLN137	Homo sapiens (Human)	505	KRT81
Q2M2I5	reviewed	K1C24_HUMAN	Keratin, type I cytoskeletal 24 (Cytokeratin-24) (CK-24) (Keratin-24) (K24) (Type I keratin-24)	KRT24 KA24	Homo sapiens (Human)	525	KRT24
Q7Z3Y8	reviewed	K1C27_HUMAN	Keratin, type I cytoskeletal 27 (Cytokeratin-27) (CK-27) (Keratin-25C) (K25C) (Keratin-27) (K27) (Type I inner root sheath-specific keratin-K25irs3)	KRT27 KRT25C	Homo sapiens (Human)	459	KRT27
Q7Z3Y9	reviewed	K1C26_HUMAN	Keratin, type I cytoskeletal 26 (Cytokeratin-26) (CK-26) (Keratin-25B) (K25B) (Keratin-26) (K26) (Type I inner root sheath-specific keratin-K25irs2)	KRT26 KRT25B	Homo sapiens (Human)	468	KRT26
Q6L8H4	reviewed	KRA51_HUMAN	Keratin-associated protein 5-1 (Keratin, cuticle, ultrahigh sulphur 1-like) (Keratin-associated protein 5.1) (Ultrahigh sulfur keratin-associated protein 5.1)	KRTAP5-1 KAP5.1 KRN1L KRTAP5.1	Homo sapiens (Human)	278	KRTAP5-1
Q9BYP8	reviewed	KR171_HUMAN	Keratin-associated protein 17-1 (Keratin-associated protein 16.1)	KRTAP17-1 KAP17.1 KRTAP16.1	Homo sapiens (Human)	105	KRTAP17-1
Q7Z3Y7	reviewed	K1C28_HUMAN	Keratin, type I cytoskeletal 28 (Cytokeratin-28) (CK-28) (Keratin-25D) (K25D) (Keratin-28) (K28) (Type I inner root sheath-specific keratin-K25irs4)	KRT28 KRT25D	Homo sapiens (Human)	464	KRT28
Q7Z3Z0	reviewed	K1C25_HUMAN	Keratin, type I cytoskeletal 25 (Cytokeratin-25) (CK-25) (Keratin-25) (K25) (Keratin-25A) (K25A) (Type I inner root sheath-specific keratin-K25irs1)	KRT25 KRT25A	Homo sapiens (Human)	450	KRT25
Q6L8H2	reviewed	KRA53_HUMAN	Keratin-associated protein 5-3 (Keratin-associated protein 5-9) (Keratin-associated protein 5.3) (Keratin-associated protein 5.9) (UHS KerB-like) (Ultrahigh sulfur keratin-associated protein 5.3)	KRTAP5-3 KAP5-9 KAP5.3 KRTAP5-9 KRTAP5.3 KRTAP5.9	Homo sapiens (Human)	238	KRTAP5-3
Q9BYR4	reviewed	KRA43_HUMAN	Keratin-associated protein 4-3 (Keratin-associated protein 4.3) (Ultrahigh sulfur keratin-associated protein 4.3)	KRTAP4-3 KAP4.3 KRTAP4.3	Homo sapiens (Human)	195	KRTAP4-3
Q6A162	reviewed	K1C40_HUMAN	Keratin, type I cytoskeletal 40 (Cytokeratin-40) (CK-40) (Keratin-40) (K40) (Type I hair keratin Ka36)	KRT40 KA36	Homo sapiens (Human)	431	KRT40
Q6L8H1	reviewed	KRA54_HUMAN	Keratin-associated protein 5-4 (Keratin-associated protein 5.4) (Ultrahigh sulfur keratin-associated protein 5.4)	KRTAP5-4 KAP5.4 KRTAP5.4	Homo sapiens (Human)	288	KRTAP5-4
Q9BYR5	reviewed	KRA42_HUMAN	Keratin-associated protein 4-2 (Keratin-associated protein 4.2) (Ultrahigh sulfur keratin-associated protein 4.2)	KRTAP4-2 KAP4.2 KRTAP4.2	Homo sapiens (Human)	136	KRTAP4-2
Q9BYR8	reviewed	KRA31_HUMAN	Keratin-associated protein 3-1 (High sulfur keratin-associated protein 3.1) (Keratin-associated protein 3.1)	KRTAP3-1 KAP3.1 KRTAP3.1	Homo sapiens (Human)	98	KRTAP3-1
Q9BYR9	reviewed	KRA24_HUMAN	Keratin-associated protein 2-4 (High sulfur keratin-associated protein 2.4) (Keratin-associated protein 2.4)	KRTAP2-4 KAP2.4 KRTAP2.4	Homo sapiens (Human)	128	KRTAP2-4
P60329	reviewed	KR124_HUMAN	Keratin-associated protein 12-4 (High sulfur keratin-associated protein 12.4) (Keratin-associated protein 12.4)	KRTAP12-4 KAP12.4 KRTAP12.4	Homo sapiens (Human)	112	KRTAP12-4
Q6L8G4	reviewed	KR511_HUMAN	Keratin-associated protein 5-11 (Keratin-associated protein 5.11) (Ultrahigh sulfur keratin-associated protein 5.11)	KRTAP5-11 KAP5.11 KRTAP5.11	Homo sapiens (Human)	156	KRTAP5-11
Q9BQ66	reviewed	KR412_HUMAN	Keratin-associated protein 4-12 (Keratin-associated protein 4.12) (Ultrahigh sulfur keratin-associated protein 4.12)	KRTAP4-12 KAP4.12 KRTAP4.12	Homo sapiens (Human)	201	KRTAP4-12
Q9BYR6	reviewed	KRA33_HUMAN	Keratin-associated protein 3-3 (High sulfur keratin-associated protein 3.3) (Keratin-associated protein 3.3)	KRTAP3-3 KAP3.3 KRTAP3.3	Homo sapiens (Human)	98	KRTAP3-3
Q9BYR7	reviewed	KRA32_HUMAN	Keratin-associated protein 3-2 (High sulfur keratin-associated protein 3.2) (Keratin-associated protein 3.2)	KRTAP3-2 KAP3.2 KRTAP3.2	Homo sapiens (Human)	98	KRTAP3-2
P08729	reviewed	K2C7_HUMAN	Keratin, type II cytoskeletal 7 (Cytokeratin-7) (CK-7) (Keratin-7) (K7) (Sarcolectin) (Type-II keratin Kb7)	KRT7 SCL	Homo sapiens (Human)	469	KRT7
P59991	reviewed	KR122_HUMAN	Keratin-associated protein 12-2 (High sulfur keratin-associated protein 12.2) (Keratin-associated protein 12.2)	KRTAP12-2 KAP12.2 KRTAP12.2	Homo sapiens (Human)	146	KRTAP12-2
P60328	reviewed	KR123_HUMAN	Keratin-associated protein 12-3 (High sulfur keratin-associated protein 12.3) (Keratin-associated protein 12.3)	KRTAP12-3 KAP12.3 KRTAP12.3	Homo sapiens (Human)	96	KRTAP12-3
Q6A163	reviewed	K1C39_HUMAN	Keratin, type I cytoskeletal 39 (Cytokeratin-39) (CK-39) (Keratin-39) (K39) (Type I hair keratin Ka35)	KRT39 KA35	Homo sapiens (Human)	491	KRT39
Q6L8G9	reviewed	KRA56_HUMAN	Keratin-associated protein 5-6 (Keratin-associated protein 5.6) (Ultrahigh sulfur keratin-associated protein 5.6)	KRTAP5-6 KAP5.6 KRTAP5.6	Homo sapiens (Human)	129	KRTAP5-6
Q9BYQ3	reviewed	KRA93_HUMAN	Keratin-associated protein 9-3 (Keratin-associated protein 9.3) (Ultrahigh sulfur keratin-associated protein 9.3)	KRTAP9-3 KAP9.3 KRTAP9.3	Homo sapiens (Human)	159	KRTAP9-3
Q9BYQ4	reviewed	KRA92_HUMAN	Keratin-associated protein 9-2 (Keratin-associated protein 9.2) (Ultrahigh sulfur keratin-associated protein 9.2)	KRTAP9-2 KAP9.2 KRTAP9.2	Homo sapiens (Human)	174	KRTAP9-2
Q9BYR2	reviewed	KRA45_HUMAN	Keratin-associated protein 4-5 (Keratin-associated protein 4.5) (Ultrahigh sulfur keratin-associated protein 4.5)	KRTAP4-5 KAP4.5 KRTAP4.5	Homo sapiens (Human)	181	KRTAP4-5
P59990	reviewed	KR121_HUMAN	Keratin-associated protein 12-1 (High sulfur keratin-associated protein 12.1) (Keratin-associated protein 12.1)	KRTAP12-1 KAP12.1 KRTAP12.1	Homo sapiens (Human)	96	KRTAP12-1
Q9BYQ0	reviewed	KRA98_HUMAN	Keratin-associated protein 9-8 (Keratin-associated protein 9.8) (Ultrahigh sulfur keratin-associated protein 9.8)	KRTAP9-8 KAP9.8 KRTAP9.8	Homo sapiens (Human)	159	KRTAP9-8
Q9BYQ2	reviewed	KRA94_HUMAN	Keratin-associated protein 9-4 (Keratin-associated protein 9.4) (Ultrahigh sulfur keratin-associated protein 9.4)	KRTAP9-4 KAP9.4 KRTAP9.4	Homo sapiens (Human)	154	KRTAP9-4
Q9BYR0	reviewed	KRA47_HUMAN	Keratin-associated protein 4-7 (Keratin-associated protein 4.7) (Ultrahigh sulfur keratin-associated protein 4.7)	KRTAP4-7 KAP4.7 KRTAP4.7	Homo sapiens (Human)	155	KRTAP4-7
Q9BYS1	reviewed	KRA15_HUMAN	Keratin-associated protein 1-5 (High sulfur keratin-associated protein 1.5) (Keratin-associated protein 1.5)	KRTAP1-5 KAP1.5 KRTAP1.5	Homo sapiens (Human)	174	KRTAP1-5
Q14CN4	reviewed	K2C72_HUMAN	Keratin, type II cytoskeletal 72 (Cytokeratin-72) (CK-72) (Keratin-72) (K72) (Type II inner root sheath-specific keratin-K6irs2) (Type-II keratin Kb35)	KRT72 K6IRS2 KB35 KRT6 KRT6IRS2	Homo sapiens (Human)	511	KRT72
Q86Y46	reviewed	K2C73_HUMAN	Keratin, type II cytoskeletal 73 (Cytokeratin-73) (CK-73) (Keratin-73) (K73) (Type II inner root sheath-specific keratin-K6irs3) (Type-II keratin Kb36)	KRT73 K6IRS3 KB36 KRT6IRS3	Homo sapiens (Human)	540	KRT73
Q01546	reviewed	K22O_HUMAN	Keratin, type II cytoskeletal 2 oral (Cytokeratin-2P) (CK-2P) (K2P) (Keratin-76) (K76) (Type-II keratin Kb9)	KRT76 KRT2B KRT2P	Homo sapiens (Human)	638	KRT76
P12035	reviewed	K2C3_HUMAN	Keratin, type II cytoskeletal 3 (65 kDa cytokeratin) (Cytokeratin-3) (CK-3) (Keratin-3) (K3) (Type-II keratin Kb3)	KRT3	Homo sapiens (Human)	628	KRT3
P13647	reviewed	K2C5_HUMAN	Keratin, type II cytoskeletal 5 (58 kDa cytokeratin) (Cytokeratin-5) (CK-5) (Keratin-5) (K5) (Type-II keratin Kb5)	KRT5	Homo sapiens (Human)	590	KRT5
P13646	reviewed	K1C13_HUMAN	Keratin, type I cytoskeletal 13 (Cytokeratin-13) (CK-13) (Keratin-13) (K13)	KRT13	Homo sapiens (Human)	458	KRT13
P02533	reviewed	K1C14_HUMAN	Keratin, type I cytoskeletal 14 (Cytokeratin-14) (CK-14) (Keratin-14) (K14)	KRT14	Homo sapiens (Human)	472	KRT14
P13645	reviewed	K1C10_HUMAN	Keratin, type I cytoskeletal 10 (Cytokeratin-10) (CK-10) (Keratin-10) (K10)	KRT10 KPP	Homo sapiens (Human)	584	KRT10
Q99456	reviewed	K1C12_HUMAN	Keratin, type I cytoskeletal 12 (Cytokeratin-12) (CK-12) (Keratin-12) (K12)	KRT12	Homo sapiens (Human)	494	KRT12
P08727	reviewed	K1C19_HUMAN	Keratin, type I cytoskeletal 19 (Cytokeratin-19) (CK-19) (Keratin-19) (K19)	KRT19	Homo sapiens (Human)	400	KRT19
P08779	reviewed	K1C16_HUMAN	Keratin, type I cytoskeletal 16 (Cytokeratin-16) (CK-16) (Keratin-16) (K16)	KRT16 KRT16A	Homo sapiens (Human)	473	KRT16
P19012	reviewed	K1C15_HUMAN	Keratin, type I cytoskeletal 15 (Cytokeratin-15) (CK-15) (Keratin-15) (K15)	KRT15 KRTB	Homo sapiens (Human)	456	KRT15
Q8IUC1	reviewed	KR111_HUMAN	Keratin-associated protein 11-1 (High sulfur keratin-associated protein 11.1)	KRTAP11-1 KAP11.1 KRTAP11.1	Homo sapiens (Human)	163	KRTAP11-1
P35527	reviewed	K1C9_HUMAN	Keratin, type I cytoskeletal 9 (Cytokeratin-9) (CK-9) (Keratin-9) (K9)	KRT9	Homo sapiens (Human)	623	KRT9
Q3LI59	reviewed	KR212_HUMAN	Keratin-associated protein 21-2	KRTAP21-2 KAP21.2	Homo sapiens (Human)	83	KRTAP21-2
Q3LI64	reviewed	KRA61_HUMAN	Keratin-associated protein 6-1	KRTAP6-1 C21orf103 KAP6.1	Homo sapiens (Human)	71	KRTAP6-1
Q3LI72	reviewed	KR195_HUMAN	Keratin-associated protein 19-5	KRTAP19-5 KAP19.5	Homo sapiens (Human)	72	KRTAP19-5
Q3LI76	reviewed	KR151_HUMAN	Keratin-associated protein 15-1	KRTAP15-1 KAP15.1	Homo sapiens (Human)	137	KRTAP15-1
Q8IUC3	reviewed	KRA71_HUMAN	Keratin-associated protein 7-1 (High tyrosine-glycine keratin-associated protein 7.1)	KRTAP7-1 KAP7.1 KRTAP7.1	Homo sapiens (Human)	87	KRTAP7-1
Q3LI70	reviewed	KR196_HUMAN	Keratin-associated protein 19-6	KRTAP19-6 KAP19.6	Homo sapiens (Human)	58	KRTAP19-6
Q8IUB9	reviewed	KR191_HUMAN	Keratin-associated protein 19-1 (High tyrosine-glycine keratin-associated protein 19.1)	KRTAP19-1 KAP19.1 KRTAP19.1	Homo sapiens (Human)	90	KRTAP19-1
Q3LI66	reviewed	KRA62_HUMAN	Keratin-associated protein 6-2	KRTAP6-2 KAP6.2	Homo sapiens (Human)	62	KRTAP6-2
Q3SYF9	reviewed	KR197_HUMAN	Keratin-associated protein 19-7	KRTAP19-7 KAP19.7	Homo sapiens (Human)	63	KRTAP19-7
Q6PEX3	reviewed	KR261_HUMAN	Keratin-associated protein 26-1	KRTAP26-1 KAP26.1	Homo sapiens (Human)	210	KRTAP26-1
Q8IUC2	reviewed	KRA81_HUMAN	Keratin-associated protein 8-1 (High glycine-tyrosine keratin-associated protein 8.1)	KRTAP8-1 KAP8.1 KRTAP8.1	Homo sapiens (Human)	63	KRTAP8-1
Q3SY46	reviewed	KR133_HUMAN	Keratin-associated protein 13-3	KRTAP13-3 KAP13.3	Homo sapiens (Human)	172	KRTAP13-3
Q3LHN2	reviewed	KR192_HUMAN	Keratin-associated protein 19-2	KRTAP19-2 KAP19.2	Homo sapiens (Human)	52	KRTAP19-2
Q52LG2	reviewed	KR132_HUMAN	Keratin-associated protein 13-2	KRTAP13-2 KAP13.2	Homo sapiens (Human)	175	KRTAP13-2
P04264	reviewed	K2C1_HUMAN	Keratin, type II cytoskeletal 1 (67 kDa cytokeratin) (Cytokeratin-1) (CK-1) (Hair alpha protein) (Keratin-1) (K1) (Type-II keratin Kb1)	KRT1 KRTA	Homo sapiens (Human)	644	KRT1
Q04695	reviewed	K1C17_HUMAN	Keratin, type I cytoskeletal 17 (39.1) (Cytokeratin-17) (CK-17) (Keratin-17) (K17)	KRT17	Homo sapiens (Human)	432	KRT17
P35900	reviewed	K1C20_HUMAN	Keratin, type I cytoskeletal 20 (Cytokeratin-20) (CK-20) (Keratin-20) (K20) (Protein IT)	KRT20	Homo sapiens (Human)	424	KRT20
P02538	reviewed	K2C6A_HUMAN	Keratin, type II cytoskeletal 6A (Cytokeratin-6A) (CK-6A) (Cytokeratin-6D) (CK-6D) (Keratin-6A) (K6A) (Type-II keratin Kb6) (allergen Hom s 5)	KRT6A K6A KRT6D	Homo sapiens (Human)	564	KRT6A
P05783	reviewed	K1C18_HUMAN	Keratin, type I cytoskeletal 18 (Cell proliferation-inducing gene 46 protein) (Cytokeratin-18) (CK-18) (Keratin-18) (K18)	KRT18 CYK18 PIG46	Homo sapiens (Human)	430	KRT18
Q7Z4W3	reviewed	KR193_HUMAN	Keratin-associated protein 19-3 (GTHRP) (Glycine/tyrosine-rich protein)	KRTAP19-3 KAP19.3	Homo sapiens (Human)	81	KRTAP19-3
Q3TTY5	reviewed	K22E_MOUSE	Keratin, type II cytoskeletal 2 epidermal (Cytokeratin-2e) (CK-2e) (Epithelial keratin-2e) (Keratin-2 epidermis) (Keratin-2e) (K2e) (Type-II keratin Kb2)	Krt2 K2e Krt2-17 Krt2a	Mus musculus (Mouse)	707	Krt2
Q8BGZ7	reviewed	K2C75_MOUSE	Keratin, type II cytoskeletal 75 (Cytokeratin-75) (CK-75) (Keratin-6 hair follicle) (mK6hf) (Keratin-75) (K75) (Type II keratin-K6hf) (Type-II keratin Kb18)	Krt75 Kb18	Mus musculus (Mouse)	551	Krt75
P07744	reviewed	K2C4_MOUSE	Keratin, type II cytoskeletal 4 (Cytokeratin-4) (CK-4) (Cytoskeletal 57 kDa keratin) (Keratin-4) (K4) (Type-II keratin Kb4)	Krt4 Krt2-4	Mus musculus (Mouse)	525	Krt4
Q925H4	reviewed	KR211_MOUSE	Keratin-associated protein 21-1 (Keratin-associated protein 16-7) (Keratin-associated protein 16.7)	Krtap21-1 Krtap16-7 Krtap16.7	Mus musculus (Mouse)	128	Krtap21-1
Q6IMF3	reviewed	K2C1_RAT	Keratin, type II cytoskeletal 1 (Cytokeratin-1) (CK-1) (Keratin-1) (K1) (Type-II keratin Kb1)	Krt1 Kb1	Rattus norvegicus (Rat)	625	Krt1
Q6IFV1	reviewed	K1C14_RAT	Keratin, type I cytoskeletal 14 (Cytokeratin-14) (CK-14) (Keratin-14) (K14) (Type I keratin Ka14)	Krt14 Ka14 Krt1-14	Rattus norvegicus (Rat)	485	Krt14
Q6IFU8	reviewed	K1C17_RAT	Keratin, type I cytoskeletal 17 (Cytokeratin-17) (CK-17) (Keratin-17) (K17) (Type I keratin Ka17)	Krt17 Ka17	Rattus norvegicus (Rat)	433	Krt17
Q6IFW6	reviewed	K1C10_RAT	Keratin, type I cytoskeletal 10 (Cytokeratin-10) (CK-10) (Keratin-10) (K10) (Type I keratin Ka10)	Krt10 Ka10	Rattus norvegicus (Rat)	526	Krt10
Q922U2	reviewed	K2C5_MOUSE	Keratin, type II cytoskeletal 5 (Cytokeratin-5) (CK-5) (Keratin-5) (K5) (Type-II keratin Kb5)	Krt5 Krt2-5	Mus musculus (Mouse)	580	Krt5
Q63279	reviewed	K1C19_RAT	Keratin, type I cytoskeletal 19 (Cytokeratin-19) (CK-19) (Keratin-19) (K19) (Type I keratin Ka19)	Krt19 Ka19 Krt1-19	Rattus norvegicus (Rat)	403	Krt19
P05784	reviewed	K1C18_MOUSE	Keratin, type I cytoskeletal 18 (Cytokeratin endo B) (Keratin D) (Cytokeratin-18) (CK-18) (Keratin-18) (K18)	Krt18 Kerd Krt1-18	Mus musculus (Mouse)	423	Krt18
P50446	reviewed	K2C6A_MOUSE	Keratin, type II cytoskeletal 6A (Cytokeratin-6A) (CK-6A) (Keratin-6-alpha) (mK6-alpha) (Keratin-6A) (K6A)	Krt6a Ker2 Krt2-6 Krt2-6a Krt6	Mus musculus (Mouse)	553	Krt6a
Q9Z331	reviewed	K2C6B_MOUSE	Keratin, type II cytoskeletal 6B (Cytokeratin-6B) (CK-6B) (Keratin-6-beta) (mK6-beta) (Keratin-6B) (K6B)	Krt6b K6-beta Krt2-6b	Mus musculus (Mouse)	562	Krt6b
Q9BT92	reviewed	TCHP_HUMAN	Trichoplein keratin filament-binding protein (Protein TCHP) (Mitochondrial protein with oncostatic activity) (Mitostatin) (Tumor suppressor protein)	TCHP	Homo sapiens (Human)	498	TCHP
Q9Z320	reviewed	K1C27_MOUSE	Keratin, type I cytoskeletal 27 (Cytokeratin-27) (CK-27) (Keratin complex-1, acidic, gene C29) (Keratin-27) (K27) (Type I inner root sheath-specific keratin-K25irs3)	Krt27 c29 Krt1-c29	Mus musculus (Mouse)	448	Krt27
P04104	reviewed	K2C1_MOUSE	Keratin, type II cytoskeletal 1 (67 kDa cytokeratin) (Cytokeratin-1) (CK-1) (Keratin-1) (K1) (Type-II keratin Kb1)	Krt1 Krt2-1	Mus musculus (Mouse)	637	Krt1
P11679	reviewed	K2C8_MOUSE	Keratin, type II cytoskeletal 8 (Cytokeratin endo A) (Cytokeratin-8) (CK-8) (Keratin-8) (K8) (Type-II keratin Kb8)	Krt8 Krt2-8	Mus musculus (Mouse)	490	Krt8
Q10758	reviewed	K2C8_RAT	Keratin, type II cytoskeletal 8 (Cytokeratin endo A) (Cytokeratin-8) (CK-8) (Keratin-8) (K8) (Type-II keratin Kb8)	Krt8 Krt2-8	Rattus norvegicus (Rat)	483	Krt8
Q61781	reviewed	K1C14_MOUSE	Keratin, type I cytoskeletal 14 (Cytokeratin-14) (CK-14) (Keratin-14) (K14)	Krt14 Krt1-14	Mus musculus (Mouse)	484	Krt14
Q9D312	reviewed	K1C20_MOUSE	Keratin, type I cytoskeletal 20 (Cytokeratin-20) (CK-20) (Keratin-20) (K20)	Krt20	Mus musculus (Mouse)	431	Krt20
Q9QWL7	reviewed	K1C17_MOUSE	Keratin, type I cytoskeletal 17 (Cytokeratin-17) (CK-17) (Keratin-17) (K17)	Krt17 Krt1-17	Mus musculus (Mouse)	433	Krt17
P19001	reviewed	K1C19_MOUSE	Keratin, type I cytoskeletal 19 (Cytokeratin-19) (CK-19) (Keratin-19) (K19)	Krt19 Krt1-19	Mus musculus (Mouse)	403	Krt19
Q5BJY9	reviewed	K1C18_RAT	Keratin, type I cytoskeletal 18 (Cytokeratin-18) (CK-18) (Keratin-18) (K18)	Krt18 Krt1-18	Rattus norvegicus (Rat)	423	Krt18
Q64291	reviewed	K1C12_MOUSE	Keratin, type I cytoskeletal 12 (Cytokeratin-12) (CK-12) (Keratin-12) (K12)	Krt12 Krt1-12 Krt1.12	Mus musculus (Mouse)	487	Krt12
Q9Z2K1	reviewed	K1C16_MOUSE	Keratin, type I cytoskeletal 16 (Cytokeratin-16) (CK-16) (Keratin-16) (K16)	Krt16 Krt1-16	Mus musculus (Mouse)	469	Krt16
Q9R0H5	reviewed	K2C71_MOUSE	Keratin, type II cytoskeletal 71 (Cytokeratin-6G) (CK-6G) (Cytokeratin-71) (CK-71) (Keratin-6G) (K6G) (Keratin-71) (K71) (Type II inner root sheath-specific keratin-K6irs1) (mK6irs) (mK6irs1/Krt2-6g) (Type-II keratin Kb34)	Krt71 K6irs1 Kb34 Krt2-6g Krt6g	Mus musculus (Mouse)	524	Krt71
Q8VCW2	reviewed	K1C25_MOUSE	Keratin, type I cytoskeletal 25 (Cytokeratin-25) (CK-25) (Keratin-25) (K25) (Type I inner root sheath-specific keratin-K25irs1) (mIRSa1)	Krt25	Mus musculus (Mouse)	446	Krt25
P02535	reviewed	K1C10_MOUSE	Keratin, type I cytoskeletal 10 (56 kDa cytokeratin) (Cytokeratin-10) (CK-10) (Keratin, type I cytoskeletal 59 kDa) (Keratin-10) (K10)	Krt10 Krt1-10	Mus musculus (Mouse)	570	Krt10
P08730	reviewed	K1C13_MOUSE	Keratin, type I cytoskeletal 13 (47 kDa cytokeratin) (Cytokeratin-13) (CK-13) (Keratin-13) (K13)	Krt13 Krt1-13	Mus musculus (Mouse)	437	Krt13
P06394	reviewed	K1C10_BOVIN	Keratin, type I cytoskeletal 10 (Cytokeratin VIB) (Cytokeratin-10) (CK-10) (Cytokeratin-6B) (Keratin-10) (K10)	KRT10	Bos taurus (Bovine)	526	KRT10
Q3TVW5	reviewed	TCHP_MOUSE	Trichoplein keratin filament-binding protein (Protein TCHP) (Mitochondrial protein with oncostatic activity) (Mitostatin)	Tchp	Mus musculus (Mouse)	497	Tchp
P60413	reviewed	KR10C_HUMAN	Keratin-associated protein 10-12 (High sulfur keratin-associated protein 10.12) (Keratin-associated protein 10.12) (Keratin-associated protein 18-12) (Keratin-associated protein 18.12)	KRTAP10-12 KAP10.12 KAP18-12 KRTAP10.12 KRTAP18-12 KRTAP18.12	Homo sapiens (Human)	245	KRTAP10-12
Q701N2	reviewed	KRA55_HUMAN	Keratin-associated protein 5-5 (Keratin-associated protein 5-11) (Keratin-associated protein 5.11) (Keratin-associated protein 5.5) (Ultrahigh sulfur keratin-associated protein 5.5)	KRTAP5-5 KAP5-11 KAP5.5 KRTAP5-11 KRTAP5.11 KRTAP5.5	Homo sapiens (Human)	237	KRTAP5-5
O76009	reviewed	KT33A_HUMAN	Keratin, type I cuticular Ha3-I (Hair keratin, type I Ha3-I) (Keratin-33A) (K33A)	KRT33A HHA3-I HKA3A KRTHA3A	Homo sapiens (Human)	404	KRT33A
P60369	reviewed	KR103_HUMAN	Keratin-associated protein 10-3 (High sulfur keratin-associated protein 10.3) (Keratin-associated protein 10.3) (Keratin-associated protein 18-3) (Keratin-associated protein 18.3)	KRTAP10-3 KAP10.3 KAP18-3 KRTAP10.3 KRTAP18-3 KRTAP18.3	Homo sapiens (Human)	221	KRTAP10-3
P60331	reviewed	KR101_HUMAN	Keratin-associated protein 10-1 (High sulfur keratin-associated protein 10.1) (Keratin-associated protein 10.1) (Keratin-associated protein 18-1) (Keratin-associated protein 18.1)	KRTAP10-1 KAP10.1 KAP18-1 KRTAP10.1 KRTAP18-1 KRTAP18.1	Homo sapiens (Human)	282	KRTAP10-1
O75690	reviewed	KRA58_HUMAN	Keratin-associated protein 5-8 (Keratin, ultra high-sulfur matrix protein B) (Keratin-associated protein 5.8) (UHS keratin B) (UHS KerB) (Ultrahigh sulfur keratin-associated protein 5.8)	KRTAP5-8 KAP5.8 KRTAP5.8 UHSKB	Homo sapiens (Human)	187	KRTAP5-8
Q9BYQ8	reviewed	KRA49_HUMAN	Keratin-associated protein 4-9 (Keratin-associated protein 4.9) (Ultrahigh sulfur keratin-associated protein 4.9)	KRTAP4-9 KAP4.9 KRTAP4.9	Homo sapiens (Human)	210	KRTAP4-9
Q9BYQ9	reviewed	KRA48_HUMAN	Keratin-associated protein 4-8 (Keratin-associated protein 4.8) (Ultrahigh sulfur keratin-associated protein 4.8)	KRTAP4-8 KAP4.8 KRTAP4.8	Homo sapiens (Human)	185	KRTAP4-8
P0C7H8	reviewed	KRA23_HUMAN	Keratin-associated protein 2-3 (High sulfur keratin-associated protein 2.4) (Keratin-associated protein 2.3)	KRTAP2-3 KAP2.3 KRTAP2.3	Homo sapiens (Human)	128	KRTAP2-3
Q8IUC0	reviewed	KR131_HUMAN	Keratin-associated protein 13-1 (High sulfur keratin-associated protein 13.1)	KRTAP13-1 KAP13.1 KRTAP13.1	Homo sapiens (Human)	172	KRTAP13-1
Q9C075	reviewed	K1C23_HUMAN	Keratin, type I cytoskeletal 23 (Cytokeratin-23) (CK-23) (Keratin-23) (K23)	KRT23	Homo sapiens (Human)	422	KRT23
Q3LI77	reviewed	KR134_HUMAN	Keratin-associated protein 13-4	KRTAP13-4 KAP13.4	Homo sapiens (Human)	160	KRTAP13-4
Q99M73	reviewed	KRT84_MOUSE	Keratin, type II cuticular Hb4 (65 kDa type II keratin) (Keratin-84) (K84) (Type II hair keratin Hb4) (Type-II keratin Kb24)	Krt84 Krt2-16 Krthb4	Mus musculus (Mouse)	603	Krt84
B1AQ75	reviewed	KRT36_MOUSE	Keratin, type I cuticular Ha6 (Keratin-36) (K36) (Keratin-5) (MHRa-1) (Type I keratin 48 kDa)	Krt36 Hra-1 Krt1-22 Krt1-5	Mus musculus (Mouse)	473	Krt36
Q6IG02	reviewed	K22E_RAT	Keratin, type II cytoskeletal 2 epidermal (Cytokeratin-2e) (CK-2e) (Epithelial keratin-2e) (Keratin-2 epidermis) (Keratin-2e) (K2e) (Type-II keratin Kb2)	Krt2 Kb2 Krt2a	Rattus norvegicus (Rat)	685	Krt2
Q08D91	reviewed	K2C75_BOVIN	Keratin, type II cytoskeletal 75 (Cytokeratin-75) (CK-75) (Keratin-6 hair follicle) (Keratin-75) (K75) (Type II keratin-K6hf) (Type-II keratin Kb18)	KRT75	Bos taurus (Bovine)	543	KRT75
Q6IG05	reviewed	K2C75_RAT	Keratin, type II cytoskeletal 75 (Cytokeratin-75) (CK-75) (Keratin-6 hair follicle) (Keratin-75) (K75) (Type II keratin-K6hf) (Type-II keratin Kb18)	Krt75 Kb18	Rattus norvegicus (Rat)	542	Krt75
Q6IFX0	reviewed	K1C25_RAT	Keratin, type I cytoskeletal 25 (Cytokeratin-25) (CK-25) (Keratin-25) (K25) (Keratin-25A) (K25A) (Type I inner root sheath-specific keratin-K25irs1) (Type I keratin KA38)	Krt25 Ka38 Krt25a	Rattus norvegicus (Rat)	446	Krt25
Q6IFZ6	reviewed	K2C1B_MOUSE	Keratin, type II cytoskeletal 1b (Cytokeratin-1B) (CK-1B) (Embryonic type II keratin-1) (Keratin-77) (K77) (Type-II keratin Kb39)	Krt77 Krt1b	Mus musculus (Mouse)	572	Krt77
Q5XQN5	reviewed	K2C5_BOVIN	Keratin, type II cytoskeletal 5 (Cytokeratin-5) (CK-5) (Keratin-5) (K5) (Type-II keratin Kb5)	KRT5	Bos taurus (Bovine)	601	KRT5
Q6IG01	reviewed	K2C1B_RAT	Keratin, type II cytoskeletal 1b (Cytokeratin-1B) (CK-1B) (Keratin-77) (K77) (Type-II keratin Kb39)	Krt77 Kb39 Krt1b	Rattus norvegicus (Rat)	519	Krt77
Q6P6Q2	reviewed	K2C5_RAT	Keratin, type II cytoskeletal 5 (Cytokeratin-5) (CK-5) (Keratin-5) (K5) (Type-II keratin Kb5)	Krt5 Krt2-5	Rattus norvegicus (Rat)	576	Krt5
Q0VBK2	reviewed	K2C80_MOUSE	Keratin, type II cytoskeletal 80 (Cytokeratin-80) (CK-80) (Keratin-80) (K80) (Type-II keratin Kb20)	Krt80 Kb20	Mus musculus (Mouse)	452	Krt80
Q6IFX1	reviewed	K1C24_RAT	Keratin, type I cytoskeletal 24 (Cytokeratin-24) (CK-24) (Keratin-24) (K24) (Type I keratin-24)	Krt24 Ka24	Rattus norvegicus (Rat)	491	Krt24
Q6IG12	reviewed	K2C7_RAT	Keratin, type II cytoskeletal 7 (Cytokeratin-7) (CK-7) (Keratin-7) (K7) (Type-II keratin Kb7)	Krt7 Kb7 Krt2-7	Rattus norvegicus (Rat)	457	Krt7
Q8VED5	reviewed	K2C79_MOUSE	Keratin, type II cytoskeletal 79 (Cytokeratin-79) (CK-79) (Keratin-79) (K79) (Type-II keratin Kb38)	Krt79 Kb38	Mus musculus (Mouse)	531	Krt79
Q4FZU2	reviewed	K2C6A_RAT	Keratin, type II cytoskeletal 6A (Cytokeratin-6A) (CK-6A) (Keratin-6A) (K6A) (Type-II keratin Kb6)	Krt6a	Rattus norvegicus (Rat)	552	Krt6a
Q6IFV3	reviewed	K1C15_RAT	Keratin, type I cytoskeletal 15 (Cytokeratin-15) (CK-15) (Keratin-15) (K15) (Type I keratin Ka15)	Krt15 Ka15	Rattus norvegicus (Rat)	447	Krt15
Q9DCV7	reviewed	K2C7_MOUSE	Keratin, type II cytoskeletal 7 (Cytokeratin-7) (CK-7) (Keratin-7) (K7) (Type-II keratin Kb7)	Krt7 Krt2-7	Mus musculus (Mouse)	457	Krt7
Q148H7	reviewed	K2C79_BOVIN	Keratin, type II cytoskeletal 79 (Cytokeratin-79) (CK-79) (Keratin-79) (K79) (Type-II keratin Kb38)	KRT79	Bos taurus (Bovine)	535	KRT79
Q6IFV4	reviewed	K1C13_RAT	Keratin, type I cytoskeletal 13 (Cytokeratin-13) (CK-13) (Keratin-13) (K13) (Type I keratin Ka13)	Krt13 Ka13	Rattus norvegicus (Rat)	438	Krt13
Q6IG00	reviewed	K2C4_RAT	Keratin, type II cytoskeletal 4 (Cytokeratin-4) (CK-4) (Keratin-4) (K4) (Type-II keratin Kb4)	Krt4 Kb4	Rattus norvegicus (Rat)	536	Krt4
Q6IMF1	reviewed	K2C80_RAT	Keratin, type II cytoskeletal 80 (Cytokeratin-80) (CK-80) (Keratin-80) (K80) (Type-II keratin Kb20)	Krt80 Kb20	Rattus norvegicus (Rat)	452	Krt80
A6BLY7	reviewed	K1C28_MOUSE	Keratin, type I cytoskeletal 28 (Cytokeratin-28) (CK-28) (Keratin-25D) (K25D) (Keratin-28) (K28) (Type I inner root sheath-specific keratin-K25irs4)	Krt28 Krt25d	Mus musculus (Mouse)	462	Krt28
Q6IFW2	reviewed	K1C40_RAT	Keratin, type I cytoskeletal 40 (Cytokeratin-40) (CK-40) (Keratin-40) (K40) (Type I hair keratin Ka36)	Krt40 Ka36	Rattus norvegicus (Rat)	431	Krt40
Q6NXH9	reviewed	K2C73_MOUSE	Keratin, type II cytoskeletal 73 (Cytokeratin-73) (CK-73) (Keratin-73) (K73) (Type II inner root sheath-specific keratin-K6irs3) (Type-II keratin Kb36)	Krt73 Kb36	Mus musculus (Mouse)	539	Krt73
Q6IFX4	reviewed	K1C39_MOUSE	Keratin, type I cytoskeletal 39 (Cytokeratin-39) (CK-39) (Keratin-39) (K39) (Type I hair keratin Ka35)	Krt39 Ka35	Mus musculus (Mouse)	482	Krt39
Q6IFW3	reviewed	K1C39_RAT	Keratin, type I cytoskeletal 39 (Cytokeratin-39) (CK-39) (Keratin-39) (K39) (Type I hair keratin Ka35)	Krt39 Ka35	Rattus norvegicus (Rat)	481	Krt39
Q6IFX3	reviewed	K1C40_MOUSE	Keratin, type I cytoskeletal 40 (Cytokeratin-40) (CK-40) (Keratin-40) (K40) (Type I hair keratin Ka36)	Krt40 Ka36	Mus musculus (Mouse)	439	Krt40
Q6IME9	reviewed	K2C72_MOUSE	Keratin, type II cytoskeletal 72 (Cytokeratin-72) (CK-72) (Keratin-72) (K72) (Type II inner root sheath-specific keratin-K6irs2) (Type-II keratin Kb35)	Krt72 Kb35 Krt72-ps	Mus musculus (Mouse)	520	Krt72
Q6IG04	reviewed	K2C72_RAT	Keratin, type II cytoskeletal 72 (Cytokeratin-72) (CK-72) (Keratin-72) (K72) (Type II inner root sheath-specific keratin-K6irs2) (Type-II keratin Kb35)	Krt72 Kb35	Rattus norvegicus (Rat)	520	Krt72
A3KN27	reviewed	K2C74_BOVIN	Keratin, type II cytoskeletal 74 (Cytokeratin-74) (CK-74) (Keratin-74) (K74) (Type II inner root sheath-specific keratin-K6irs4) (Type-II keratin Kb37)	KRT74	Bos taurus (Bovine)	550	KRT74
A7YWK3	reviewed	K2C73_BOVIN	Keratin, type II cytoskeletal 73 (Cytokeratin-73) (CK-73) (Keratin-73) (K73) (Type II inner root sheath-specific keratin-K6irs3) (Type-II keratin Kb36)	KRT73	Bos taurus (Bovine)	540	KRT73
Q148H8	reviewed	K2C72_BOVIN	Keratin, type II cytoskeletal 72 (Cytokeratin-72) (CK-72) (Keratin-72) (K72) (Type II inner root sheath-specific keratin-K6irs2) (Type-II keratin Kb35)	KRT72	Bos taurus (Bovine)	524	KRT72
Q6IG03	reviewed	K2C73_RAT	Keratin, type II cytoskeletal 73 (Cytokeratin-73) (CK-73) (Keratin-73) (K73) (Type II inner root sheath-specific keratin-K6irs3) (Type-II keratin Kb36)	Krt73 Kb36	Rattus norvegicus (Rat)	553	Krt73
P05786	reviewed	K2C8_BOVIN	Keratin, type II cytoskeletal 8 (Cytokeratin-8) (CK-8) (Cytokeratin-A) (Keratin-8) (K8) (Type-II keratin Kb8)	KRT8	Bos taurus (Bovine)	478	KRT8
A6QQQ9	reviewed	K1C20_BOVIN	Keratin, type I cytoskeletal 20 (Cytokeratin-20) (CK-20) (Keratin-20) (K20)	KRT20	Bos taurus (Bovine)	422	KRT20
Q61414	reviewed	K1C15_MOUSE	Keratin, type I cytoskeletal 15 (Cytokeratin-15) (CK-15) (Keratin-15) (K15)	Krt15 Krt1-15	Mus musculus (Mouse)	452	Krt15
Q6RHW0	reviewed	K1C9_MOUSE	Keratin, type I cytoskeletal 9 (Cytokeratin-9) (CK-9) (Keratin-9) (K9)	Krt9 K9 Krt1-9	Mus musculus (Mouse)	743	Krt9
P08728	reviewed	K1C19_BOVIN	Keratin, type I cytoskeletal 19 (Cytokeratin-19) (CK-19) (Keratin-19) (K19)	KRT19	Bos taurus (Bovine)	399	KRT19
Q6NWF6	reviewed	K2C8_DANRE	Keratin, type II cytoskeletal 8 (Cytokeratin-8) (CK-8) (Keratin-8) (K8)	krt8 krt2-8	Danio rerio (Zebrafish) (Brachydanio rerio)	520	krt8
P25030	reviewed	K1C20_RAT	Keratin, type I cytoskeletal 20 (Cytokeratin-20) (CK-20) (Cytokeratin-21) (CK-21) (Keratin-20) (K20)	Krt20 Krt21	Rattus norvegicus (Rat)	429	Krt20
Q7ZTS4	reviewed	K1C18_DANRE	Keratin, type I cytoskeletal 18 (Cytokeratin-18) (CK-18) (Dorsal aorta proneprin kinesin-1) (DreK18) (Keratin-18) (K18)	krt18 dapk1	Danio rerio (Zebrafish) (Brachydanio rerio)	431	krt18
Q8CIS9	reviewed	K1C9_RAT	Keratin, type I cytoskeletal 9 (Cytokeratin-9) (CK-9) (Keratin-9) (K9) (Spermatid perinuclear ring manchette protein K9)	Krt9 Krt1-9	Rattus norvegicus (Rat)	618	Krt9
Q6EIZ1	reviewed	K22E_CANLF	Keratin, type II cytoskeletal 2 epidermal (Cytokeratin-2e) (CK-2e) (Epithelial keratin-2e) (Keratin-2 epidermis) (Keratin-2e) (K2e) (Type-II keratin Kb2)	KRT2 K2E KRT2A	Canis lupus familiaris (Dog) (Canis familiaris)	633	KRT2
P02448	reviewed	KRA81_SHEEP	Keratin-associated protein 8-1 (Component 0.62) (HGT keratin) (HGT keratin component F) (Keratin, high-tyrosine matrix protein)	KRTAP8-1 HGT	Ovis aries (Sheep)	62	KRTAP8-1
Q6EIY9	reviewed	K2C1_CANLF	Keratin, type II cytoskeletal 1 (Cytokeratin-1) (CK-1) (Epithelial keratin-1) (Keratin-1) (K1) (Type-II keratin Kb1)	KRT1 KER1	Canis lupus familiaris (Dog) (Canis familiaris)	619	KRT1
Q6EIZ0	reviewed	K1C10_CANLF	Keratin, type I cytoskeletal 10 (Cytokeratin-10) (CK-10) (Epithelial keratin-10) (Keratin-10) (K10)	KRT10 KER10	Canis lupus familiaris (Dog) (Canis familiaris)	568	KRT10
A5A6M8	reviewed	K2C5_PANTR	Keratin, type II cytoskeletal 5 (Cytokeratin-5) (CK-5) (Keratin-5) (K5) (Type-II keratin Kb5)	KRT5	Pan troglodytes (Chimpanzee)	592	KRT5
A5A6M6	reviewed	K2C1_PANTR	Keratin, type II cytoskeletal 1 (Cytokeratin-1) (CK-1) (Keratin-1) (K1) (Type-II keratin Kb1)	KRT1	Pan troglodytes (Chimpanzee)	637	KRT1
P02446	reviewed	KRA31_SHEEP	Keratin-associated protein 3-1 (Keratin, high sulfur matrix protein, IIIB2)	KRTAP3-1	Ovis aries (Sheep)	98	KRTAP3-1
P02447	reviewed	KRA31_CAPHI	Keratin-associated protein 3-1 (Keratin, high sulfur matrix protein, IIIB2) (Keratin-associated protein 3.2) (M1.2 protein)	KRTAP3-1	Capra hircus (Goat)	98	KRTAP3-1
P08802	reviewed	K118A_XENLA	Keratin, type I cytoskeletal 18-A (Cytokeratin-18-A) (CK-18-A) (Keratin, type I cytoskeletal endo B) (Keratin-18-A) (K18-A)	krt18-a	Xenopus laevis (African clawed frog)	428	krt18-a
A6NCN2	reviewed	KR87P_HUMAN	Putative keratin-87 protein (Keratin, hair, basic pseudogene 4) (Keratin-121 pseudogene)	KRT87P KRT121P KRTHBP4	Homo sapiens (Human)	255	KRT87P
Q6L8G5	reviewed	KR510_HUMAN	Keratin-associated protein 5-10 (Keratin-associated protein 5.10) (Ultrahigh sulfur keratin-associated protein 5.10)	KRTAP5-10 KAP5.10 KRTAP5.10	Homo sapiens (Human)	202	KRTAP5-10
Q9BYT5	reviewed	KRA22_HUMAN	Keratin-associated protein 2-2 (High sulfur keratin-associated protein 2.2) (Keratin-associated protein 2.2)	KRTAP2-2 KAP2.2 KRTAP2.2	Homo sapiens (Human)	123	KRTAP2-2
P0C5Y4	reviewed	KRA14_HUMAN	Keratin-associated protein 1-4 (High sulfur keratin-associated protein 1.4) (Keratin-associated protein 1.4)	KRTAP1-4 KAP1.4 KRTAP1.4	Homo sapiens (Human)	121	KRTAP1-4
Q9BYU5	reviewed	KRA21_HUMAN	Keratin-associated protein 2-1 (High sulfur keratin-associated protein 2.1) (Keratin-associated protein 2.1)	KRTAP2-1 KAP2.1 KRTAP2.1A KRTAP2.1B	Homo sapiens (Human)	128	KRTAP2-1
A8MVA2	reviewed	KRA96_HUMAN	Keratin-associated protein 9-6 (Keratin-associated protein 9-like 2)	KRTAP9-6 KAP9.6 KRTAP9.6 KRTAP9L2	Homo sapiens (Human)	160	KRTAP9-6
A8MTY7	reviewed	KRA97_HUMAN	Keratin-associated protein 9-7 (Keratin-associated protein 9-like 1)	KRTAP9-7 KAP9.7 KRTAP9.7 KRTAP9L1	Homo sapiens (Human)	169	KRTAP9-7
A8MXZ3	reviewed	KRA91_HUMAN	Keratin-associated protein 9-1 (Keratin-associated protein 9-like 3)	KRTAP9-1 KAP9.1 KRTAP9.1 KRTAP9L3	Homo sapiens (Human)	250	KRTAP9-1
G5E9R7	reviewed	KR416_HUMAN	Putative keratin-associated protein 4-16 (Keratin-associated protein 4 pseudogene 1) (Keratin-associated protein 4-16 pseudogene)	KRTAP4-16 KRTAP4-16P KRTAP4P1	Homo sapiens (Human)	235	KRTAP4-16
A1A580	reviewed	KR231_HUMAN	Keratin-associated protein 23-1	KRTAP23-1 KAP23.1	Homo sapiens (Human)	65	KRTAP23-1
Q3LI61	reviewed	KR202_HUMAN	Keratin-associated protein 20-2	KRTAP20-2 KAP20.2	Homo sapiens (Human)	65	KRTAP20-2
Q3LI83	reviewed	KR241_HUMAN	Keratin-associated protein 24-1	KRTAP24-1 KAP24.1	Homo sapiens (Human)	254	KRTAP24-1
Q3LI67	reviewed	KRA63_HUMAN	Keratin-associated protein 6-3	KRTAP6-3 KAP6.3	Homo sapiens (Human)	110	KRTAP6-3
Q3LI73	reviewed	KR194_HUMAN	Keratin-associated protein 19-4	KRTAP19-4 KAP19.4	Homo sapiens (Human)	84	KRTAP19-4
Q3LI81	reviewed	KR271_HUMAN	Keratin-associated protein 27-1	KRTAP27-1 KAP27.1	Homo sapiens (Human)	207	KRTAP27-1
Q148H4	reviewed	KRT81_BOVIN	Keratin, type II cuticular Hb1 (Keratin-81) (K81) (Type II hair keratin Hb1) (Type-II keratin Kb21)	KRT81	Bos taurus (Bovine)	500	KRT81
P97861	reviewed	KRT86_MOUSE	Keratin, type II cuticular Hb6 (Keratin-86) (K86) (Type II hair keratin Hb6) (Type-II keratin Kb26)	Krt86 Krt2-10 Krthb6	Mus musculus (Mouse)	486	Krt86
Q99M74	reviewed	KRT82_MOUSE	Keratin, type II cuticular Hb2 (Keratin-82) (K82) (Type II hair keratin Hb2) (Type-II keratin Kb22)	Krt82 Krt2-20 Krthb2	Mus musculus (Mouse)	516	Krt82
Q9Z2T6	reviewed	KRT85_MOUSE	Keratin, type II cuticular Hb5 (Keratin-85) (K85) (Type II hair keratin Hb5) (Type-II keratin Kb25)	Krt85 Krt2-18 Krthb5	Mus musculus (Mouse)	507	Krt85
Q6IFZ9	reviewed	K2C74_MOUSE	Keratin, type II cytoskeletal 74 (Keratin-74) (K74) (Type-II keratin Kb37)	Krt74 Kb37	Mus musculus (Mouse)	495	Krt74
Q6IFX2	reviewed	K1C42_MOUSE	Keratin, type I cytoskeletal 42 (Cytokeratin-42) (CK-42) (Keratin-17n) (Keratin-42) (K42) (Type I keratin Ka22)	Krt42 Ka22	Mus musculus (Mouse)	452	Krt42
Q9D646	reviewed	KRT34_MOUSE	Keratin, type I cuticular Ha4 (Hair keratin, type I Ha4) (Keratin-34) (K34)	Krt34 Ha4 Krt1-4	Mus musculus (Mouse)	392	Krt34
Q3UV17	reviewed	K22O_MOUSE	Keratin, type II cytoskeletal 2 oral (Keratin-76) (K76) (Type-II keratin Kb9)	Krt76	Mus musculus (Mouse)	594	Krt76
Q497I4	reviewed	KRT35_MOUSE	Keratin, type I cuticular Ha5 (Hair keratin, type I Ha5) (Keratin-35) (K35)	Krt35 Krt1-24	Mus musculus (Mouse)	455	Krt35
Q62168	reviewed	K1H2_MOUSE	Keratin, type I cuticular Ha2 (Hair keratin, type I Ha2) (Keratin-32) (K32)	Krt32 Hka2 Krt1-2 Krtha2	Mus musculus (Mouse)	407	Krt32
Q9ERE2	reviewed	KRT81_MOUSE	Keratin, type II cuticular Hb1 (Keratin-81) (K81) (Type II hair keratin Hb1)	Krt81 Krt2-19	Mus musculus (Mouse)	481	Krt81
Q0P5J7	reviewed	KRT35_BOVIN	Keratin, type I cuticular Ha5 (Keratin-35) (K35)	KRT35	Bos taurus (Bovine)	454	KRT35
Q61897	reviewed	KT33B_MOUSE	Keratin, type I cuticular Ha3-II (Hair keratin, type I Ha3) (Keratin, type I cuticular Ha3) (Keratin-33B) (K33B)	Krt33b Hka3 Krt1-3	Mus musculus (Mouse)	404	Krt33b
Q6IMF0	reviewed	KRT87_MOUSE	Keratin, type II cuticular 87 (Keratin-87) (K87)	Krt87 Kb25 Krt2-25 Krt83	Mus musculus (Mouse)	495	Krt87
Q8C1I6	reviewed	KR163_MOUSE	Keratin-associated protein 16-3 (Keratin-associated protein 16-10) (Keratin-associated protein 16.3)	Krtap16-3 Krtap16-10 Krtap16.3	Mus musculus (Mouse)	86	Krtap16-3
P0DSO2	reviewed	SCGR9_HUMAN	Small cysteine and glycine repeat-containing protein 9 (Keratin-associated protein 28-1 pseudogene)	SCYGR9 KRTAP28p1	Homo sapiens (Human)	92	SCYGR9
Q61765	reviewed	K1H1_MOUSE	Keratin, type I cuticular Ha1 (HKA-1) (Hair keratin, type I Ha1) (Keratin-31) (K31)	Krt31 Hka1 Krt1-1 Krtha1	Mus musculus (Mouse)	416	Krt31
A0JND2	reviewed	K2C80_BOVIN	Keratin, type II cytoskeletal 80 (Cytokeratin-80) (CK-80) (Keratin-80) (K80) (Type-II keratin Kb20)	KRT80	Bos taurus (Bovine)	422	KRT80
A6QNX5	reviewed	K2C78_BOVIN	Keratin, type II cytoskeletal 78 (Cytokeratin-78) (CK-78) (Keratin-78) (K78) (Type-II keratin Kb40)	KRT78	Bos taurus (Bovine)	528	KRT78
Q29S21	reviewed	K2C7_BOVIN	Keratin, type II cytoskeletal 7 (Cytokeratin-7) (CK-7) (Keratin-7) (K7) (Type-II keratin Kb7)	KRT7	Bos taurus (Bovine)	466	KRT7
Q6IFW5	reviewed	K1C12_RAT	Keratin, type I cytoskeletal 12 (Cytokeratin-12) (CK-12) (Keratin-12) (K12) (Type I keratin Ka12)	Krt12 Ka12 Krt1-12	Rattus norvegicus (Rat)	456	Krt12
A1L317	reviewed	K1C24_MOUSE	Keratin, type I cytoskeletal 24 (Cytokeratin-24) (CK-24) (Keratin-24) (K24) (Type I keratin-24)	Krt24 Ka24	Mus musculus (Mouse)	512	Krt24
O08633	reviewed	KRA81_MOUSE	Keratin-associated protein 8-1 (HGTp type I F) (High-glycine/tyrosine protein keratin) (HGT keratin)	Krtap8-1	Mus musculus (Mouse)	61	Krtap8-1
Q6IFU7	reviewed	K1C42_RAT	Keratin, type I cytoskeletal 42 (Cytokeratin-42) (CK-42) (Keratin-42) (K42) (Type I keratin Ka22)	Krt42 Ka22	Rattus norvegicus (Rat)	452	Krt42
Q9D638	reviewed	KRA32_MOUSE	Keratin-associated protein 3-2 (Keratin-associated protein 3-3)	Krtap3-2 Krtap3-3	Mus musculus (Mouse)	99	Krtap3-2
Q148H5	reviewed	K2C71_BOVIN	Keratin, type II cytoskeletal 71 (Cytokeratin-71) (CK-71) (Keratin-71) (K71) (Type II inner root sheath-specific keratin-K6irs1) (Type-II keratin Kb34)	KRT71	Bos taurus (Bovine)	525	KRT71
Q6IFW8	reviewed	K1C27_RAT	Keratin, type I cytoskeletal 27 (Cytokeratin-27) (CK-27) (Keratin-27) (K27) (Type I inner root sheath-specific keratin-K25irs3) (Type I keratin KA40)	Krt27 Ka40	Rattus norvegicus (Rat)	449	Krt27
P04260	reviewed	K2C4_BOVIN	Keratin, type II cytoskeletal 59 kDa, component IV (Keratin K6-gamma)		Bos taurus (Bovine)	182	
A7YWM2	reviewed	K1C40_BOVIN	Keratin, type I cytoskeletal 40 (Cytokeratin-40) (CK-40) (Keratin-40) (K40)	KRT40	Bos taurus (Bovine)	431	KRT40
Q99PS0	reviewed	K1C23_MOUSE	Keratin, type I cytoskeletal 23 (Cytokeratin-23) (CK-23) (Keratin-23) (K23)	Krt23 Haik1 Krt1-23	Mus musculus (Mouse)	422	Krt23
A1L595	reviewed	K1C17_BOVIN	Keratin, type I cytoskeletal 17 (Cytokeratin-17) (CK-17) (Keratin-17) (K17)	KRT17	Bos taurus (Bovine)	441	KRT17
Q0P5J4	reviewed	K1C25_BOVIN	Keratin, type I cytoskeletal 25 (Cytokeratin-25) (CK-25) (Keratin-25) (K25) (Type I inner root sheath-specific keratin-K25irs1)	KRT25	Bos taurus (Bovine)	450	KRT25
Q148H6	reviewed	K1C28_BOVIN	Keratin, type I cytoskeletal 28 (Cytokeratin-28) (CK-28) (Keratin-28) (K28) (Type I inner root sheath-specific keratin-K25irs4)	KRT28	Bos taurus (Bovine)	464	KRT28
Q0P5J6	reviewed	K1C27_BOVIN	Keratin, type I cytoskeletal 27 (Cytokeratin-27) (CK-27) (Keratin-27) (K27) (Type I inner root sheath-specific keratin-K25irs3)	KRT27	Bos taurus (Bovine)	460	KRT27
Q3TRJ4	reviewed	K1C26_MOUSE	Keratin, type I cytoskeletal 26 (Cytokeratin-26) (CK-26) (Keratin-26) (K26) (Type I inner root sheath-specific keratin-K25irs2)	Krt26	Mus musculus (Mouse)	462	Krt26
A2A5X5	reviewed	KR161_MOUSE	Keratin-associated protein 16-1	Krtap16-1 Gm11570	Mus musculus (Mouse)	502	Krtap16-1
Q9D3I6	reviewed	KRA71_MOUSE	Keratin-associated protein 7-1 (High glycine-tyrosine keratin-associated protein 7.1)	Krtap7-1 Kap7.1 Krtap7.1	Mus musculus (Mouse)	87	Krtap7-1
P05785	reviewed	K1C14_BOVIN	Keratin, type I cytoskeletal 14 (Cytokeratin VII) (Cytokeratin-14) (CK-14) (Cytokeratin-7) (Keratin-14) (K14)	KRT14	Bos taurus (Bovine)	93	KRT14
P04261	reviewed	K2C3_BOVIN	Keratin, type II cytoskeletal 60 kDa, component III		Bos taurus (Bovine)	182	
P04263	reviewed	K2CA_BOVIN	Keratin, type II cytoskeletal 68 kDa, component IA		Bos taurus (Bovine)	182	
A5A6M5	reviewed	K1H1_PANTR	Keratin, type I cuticular Ha1 (Hair keratin, type I Ha1) (Keratin-31) (K31)	KRT31 KRTHA1	Pan troglodytes (Chimpanzee)	416	KRT31
Q7SYF8	reviewed	K1C18_ACIBE	Keratin, type I cytoskeletal 18 (Cytokeratin-18) (CK-18) (Keratin type Is) (Keratin-18) (K18)	krt18	Acipenser baerii (Siberian sturgeon)	435	krt18
Q5K2P6	reviewed	K1C11_PROAT	Keratin, type 1 cytoskeletal 11 (Type I keratin 11)	krt11	Protopterus aethiopicus (Marbled lungfish)	467	krt11
A5A6N0	reviewed	K2C7_PANTR	Keratin, type II cytoskeletal 7 (Cytokeratin-7) (CK-7) (Keratin-7) (K7) (Type-II keratin Kb7)	KRT7	Pan troglodytes (Chimpanzee)	469	KRT7
Q8HZR5	reviewed	K2C7_POTTR	Keratin, type II cytoskeletal 7 (Cytokeratin-7) (CK-7) (Keratin-7) (K7) (Type-II keratin Kb7)	KRT7	Potorous tridactylus (Potoroo)	483	KRT7
Q28810	reviewed	K2C8_POTTR	Keratin, type II cytoskeletal 8 (Cytokeratin-8) (CK-8) (Keratin-8) (K8) (Type-II keratin Kb8)	KRT8	Potorous tridactylus (Potoroo)	310	KRT8
Q29426	reviewed	K2C3_RABIT	Keratin, type II cytoskeletal 3 (Cytokeratin-3) (CK-3) (Keratin-3) (K3) (Type-II keratin Kb3)	KRT3	Oryctolagus cuniculus (Rabbit)	629	KRT3
O57607	reviewed	K1C18_ONCMY	Keratin, type I cytoskeletal 18 (Cytokeratin-18) (CK-18) (Keratin-18) (K18) (Simple type I keratin)	krt18	Oncorhynchus mykiss (Rainbow trout) (Salmo gairdneri)	438	krt18
A5A6N2	reviewed	K1C25_PANTR	Keratin, type I cytoskeletal 25 (Cytokeratin-25) (CK-25) (Keratin-25) (K25) (Keratin-25A) (K25A) (Type I inner root sheath-specific keratin-K25irs1)	KRT25 KRT25A	Pan troglodytes (Chimpanzee)	450	KRT25
P25690	reviewed	K1M2_SHEEP	Keratin, type I microfibrillar, 47.6 kDa (Low-sulfur keratin)		Ovis aries (Sheep)	404	
Q28580	reviewed	KRA71_SHEEP	Keratin-associated protein 7-1 (HGT keratin) (HGT-C2) (High glycine-tyrosine keratin-associated protein 7.1)	KRTAP7-1 HGTC2	Ovis aries (Sheep)	85	KRTAP7-1
Q6S343	reviewed	KRA32_SHEEP	Keratin-associated protein 3-2 (BIIIB2 high-sulfur keratin) (High sulfur keratin IF-associated protein 3.2)	KAP3.2 BIIIB2	Ovis aries (Sheep)	98	KAP3.2
Q02958	reviewed	KRA61_SHEEP	Keratin-associated protein 6-1 (Keratin, glycine/tyrosine-rich of hair)	KRTAP6-1 KAP6-1	Ovis aries (Sheep)	83	KRTAP6-1
P02451	reviewed	KRFT_CHRNO	Feather keratin (F-ker)		Chroicocephalus novaehollandiae (Silver gull) (Larus novaehollandiae)	98	
Q02957	reviewed	KRA61_RABIT	Keratin-associated protein 6-1 (Keratin, glycine/tyrosine-rich of hair)	KRTAP6-1 KAP6-1	Oryctolagus cuniculus (Rabbit)	80	KRTAP6-1
Q6R649	reviewed	K1C27_CAPHI	Keratin, type I cytoskeletal 27 (Cytokeratin-27) (CK-27) (Keratin-27) (K27) (Type I inner root sheath-specific keratin-K25irs3) (Type I keratin intermediate filament C29)	KRT27	Capra hircus (Goat)	460	KRT27
Q9BGM5	reviewed	K1C25_SHEEP	Keratin, type I cytoskeletal 25 (Cytokeratin-25) (CK-25) (Keratin-25) (K25) (Type I inner root sheath-specific keratin-K25irs1) (Type I keratin intermediate filament IRSa1)	KRT25	Ovis aries (Sheep)	450	KRT25
Q64507	reviewed	KRA51_MOUSE	Keratin-associated protein 5-1 (Ultra high sulfur serine protein 1) (UHS-Ser-1)	Krtap5-1	Mus musculus (Mouse)	230	Krtap5-1
Q6R650	reviewed	K1C25_CAPHI	Keratin, type I cytoskeletal 25 (Cytokeratin-25) (CK-25) (Keratin-25) (K25) (Type I inner root sheath-specific keratin-K25irs1) (Type I keratin intermediate filament IRSa1)	KRT25	Capra hircus (Goat)	450	KRT25
A5A6M0	reviewed	K1C17_PANTR	Keratin, type I cytoskeletal 17 (Cytokeratin-17) (CK-17) (Keratin-17) (K17)	KRT17	Pan troglodytes (Chimpanzee)	432	KRT17
P08776	reviewed	K2C8_XENLA	Keratin, type II cytoskeletal 8 (Cytokeratin-8) (CK-8) (Keratin-8) (K8)		Xenopus laevis (African clawed frog)	502	
Q07427	reviewed	K1C18_CARAU	Keratin, type I cytoskeletal 18 (Cytokeratin-18) (CK-18) (Keratin-18) (K18)	krt18	Carassius auratus (Goldfish)	435	krt18
O18740	reviewed	K1C9_CANLF	Keratin, type I cytoskeletal 9 (Cytokeratin-9) (CK-9) (Keratin-9) (K9)	KRT9	Canis lupus familiaris (Dog) (Canis familiaris)	786	KRT9
Q28706	reviewed	K1C12_RABIT	Keratin, type I cytoskeletal 12 (Cytokeratin-12) (CK-12) (Keratin-12) (K12)	KRT12	Oryctolagus cuniculus (Rabbit)	411	KRT12
Q5K2N3	reviewed	K2C8_PROAT	Keratin, type II cytoskeletal 8 (Cytokeratin-8) (CK-8) (Keratin-8) (K8)	KRT8	Protopterus aethiopicus (Marbled lungfish)	497	KRT8
Q5K2N9	reviewed	K1C18_PROAT	Keratin, type I cytoskeletal 18 (Cytokeratin-18) (CK-18) (Keratin-18) (K18)	krt18	Protopterus aethiopicus (Marbled lungfish)	438	krt18
Q6P864	reviewed	K1C18_XENTR	Keratin, type I cytoskeletal 18 (Cytokeratin-18) (CK-18) (Keratin-18) (K18)	krt18 TEgg011c19.1	Xenopus tropicalis (Western clawed frog) (Silurana tropicalis)	429	krt18
Q8JFQ6	reviewed	K1C13_ONCMY	Keratin, type I cytoskeletal 13 (Cytokeratin-13) (CK-13) (Keratin-13) (K13)	krt13	Oncorhynchus mykiss (Rainbow trout) (Salmo gairdneri)	492	krt13
E1AB55	reviewed	K2C71_FELCA	Keratin, type II cytoskeletal 71 (Cytokeratin-71) (CK-71) (Keratin-71) (K71)	KRT71	Felis catus (Cat) (Felis silvestris catus)	524	KRT71
O57611	reviewed	K1C18_SCYST	Keratin, type I cytoskeletal 18 (Cytokeratin-18) (CK-18) (Keratin-18) (K18)	krt18	Scyliorhinus stellaris (Nursehound) (Greater spotted dogfish)	415	krt18
P02534	reviewed	K1M1_SHEEP	Keratin, type I microfibrillar 48 kDa, component 8C-1 (Low-sulfur keratin)		Ovis aries (Sheep)	412	
P51856	reviewed	K1C19_POTTR	Keratin, type I cytoskeletal 19 (Cytokeratin-19) (CK-19) (Keratin-19) (K19)	KRT19	Potorous tridactylus (Potoroo)	401	KRT19
P86247	reviewed	K2C8_MESAU	Keratin, type II cytoskeletal 8 (Cytokeratin-8) (CK-8) (Keratin-8) (K8)	KRT8	Mesocricetus auratus (Golden hamster)	110	KRT8
Q5R8S9	reviewed	K1C19_PONAB	Keratin, type I cytoskeletal 19 (Cytokeratin-19) (CK-19) (Keratin-19) (K19)	KRT19	Pongo abelii (Sumatran orangutan) (Pongo pygmaeus abelii)	400	KRT19
Q6PVZ1	reviewed	K1C14_CHICK	Keratin, type I cytoskeletal 14 (Cytokeratin-14) (CK-14) (Keratin-14) (K14)	KRT14	Gallus gallus (Chicken)	467	KRT14
Q6R648	reviewed	KR111_CAPHI	Keratin-associated protein 11-1 (High sulfur keratin-associated protein 11.1)	KRTAP11-1	Capra hircus (Goat)	159	KRTAP11-1
O08640	reviewed	KRA14_MOUSE	Keratin-associated protein 14 (Anagen-specific protein KAP13) (mKAP13) (Pubertal mammary gland-specific protein 1)	Krtap14 Pmg1	Mus musculus (Mouse)	167	Krtap14
Q4W7G7	reviewed	KR134_SAPAP	Keratin-associated protein 13-4	KRTAP13-4 KAP13.4	Sapajus apella (Brown-capped capuchin) (Cebus apella)	156	KRTAP13-4
Q4W7G9	reviewed	KR134_MACFA	Keratin-associated protein 13-4	KRTAP13-4 KAP13.4	Macaca fascicularis (Crab-eating macaque) (Cynomolgus monkey)	156	KRTAP13-4
Q4W7H0	reviewed	KR134_HYLLA	Keratin-associated protein 13-4	KRTAP13-4 KAP13.4	Hylobates lar (Lar gibbon) (White-handed gibbon)	160	KRTAP13-4
Q4W7G8	reviewed	KR134_MACFU	Keratin-associated protein 13-4	KRTAP13-4 KAP13.4	Macaca fuscata fuscata (Japanese macaque)	156	KRTAP13-4
Q4W7H1	reviewed	KR134_HYLAG	Keratin-associated protein 13-4	KRTAP13-4 KAP13.4	Hylobates agilis (Agile gibbon)	160	KRTAP13-4
O93256	reviewed	K1C19_CHICK	Keratin, type I cytoskeletal 19 (Cytokeratin-19) (CK-19) (GK-19) (Keratin-19) (K19)	KRT19	Gallus gallus (Chicken)	423	KRT19
P02444	reviewed	KRA33_SHEEP	Keratin, high sulfur matrix protein, IIIB3		Ovis aries (Sheep)	98	
P25691	reviewed	K2M3_SHEEP	Keratin, type II microfibrillar, component 5		Ovis aries (Sheep)	502	
P02438	reviewed	KRB2A_SHEEP	Keratin, high-sulfur matrix protein, B2A		Ovis aries (Sheep)	172	
P02445	reviewed	KRA34_SHEEP	Keratin, high sulfur matrix protein, IIIB4		Ovis aries (Sheep)	98	
P08777	reviewed	K1C1_XENLA	Keratin, type I cytoskeletal 47 kDa	xk81a1	Xenopus laevis (African clawed frog)	429	xk81a1
P15241	reviewed	K2M2_SHEEP	Keratin, type II microfibrillar, component 7C		Ovis aries (Sheep)	491	
A1KQY9	reviewed	K118A_POLSE	Keratin, type I cytoskeletal 18-A (Cytokeratin-18-A) (CK-18-A) (Keratin-18-A) (K18-A)	krt18a	Polypterus senegalus (Senegal bichir)	428	krt18a
P04266	reviewed	K2C1_XENLA	Keratin, type II cytoskeletal I (Clone PUF23)		Xenopus laevis (African clawed frog)	425	
Q7SY65	reviewed	K118B_XENLA	Keratin, type I cytoskeletal 18-B (Cytokeratin-18-B) (CK-18-B) (Keratin-18-B) (K18-B)	krt18-b	Xenopus laevis (African clawed frog)	432	krt18-b
P04265	reviewed	K2C2_XENLA	Keratin, type II cytoskeletal I (Clone PUF164)		Xenopus laevis (African clawed frog)	419	
Q90303	reviewed	K1C1_CARAU	Keratin, type I cytoskeletal 50 kDa (GK50)		Carassius auratus (Goldfish)	467	
P16878	reviewed	K2C7_XENLA	Keratin, type II cytoskeletal 7 (XENCK55(5/6))	krt7	Xenopus laevis (African clawed frog)	513	krt7
P02537	reviewed	K1C0_XENLA	Keratin-3, type I cytoskeletal 51 kDa (51 kDa cytokeratin)		Xenopus laevis (African clawed frog)	486	
Q5RE49	reviewed	TCHP_PONAB	Trichoplein keratin filament-binding protein (Protein TCHP) (Mitochondrial protein with oncostatic activity) (Mitostatin)	TCHP	Pongo abelii (Sumatran orangutan) (Pongo pygmaeus abelii)	498	TCHP
A8MX34	reviewed	KR291_HUMAN	Keratin-associated protein 29-1 (Keratin-associated protein 29.2)	KRTAP29-1 KAP29.2	Homo sapiens (Human)	341	KRTAP29-1
Q3LI63	reviewed	KR201_HUMAN	Keratin-associated protein 20-1	KRTAP20-1 KAP20.1	Homo sapiens (Human)	56	KRTAP20-1
Q3MIV0	reviewed	KR221_HUMAN	Keratin-associated protein 22-1	KRTAP22-1 KAP22.1	Homo sapiens (Human)	48	KRTAP22-1
Q3LHN0	reviewed	KR251_HUMAN	Keratin-associated protein 25-1	KRTAP25-1 KAP25.1	Homo sapiens (Human)	102	KRTAP25-1
A8MUX0	reviewed	KR161_HUMAN	Keratin-associated protein 16-1	KRTAP16-1 KAP16.1	Homo sapiens (Human)	517	KRTAP16-1
Q3LI58	reviewed	KR211_HUMAN	Keratin-associated protein 21-1	KRTAP21-1 KAP21.1	Homo sapiens (Human)	79	KRTAP21-1
Q3LHN1	reviewed	KR213_HUMAN	Keratin-associated protein 21-3	KRTAP21-3 KAP21.3	Homo sapiens (Human)	58	KRTAP21-3
Q3LI54	reviewed	KR198_HUMAN	Keratin-associated protein 19-8	KRTAP19-8 KAP19.8	Homo sapiens (Human)	63	KRTAP19-8
Q3LI60	reviewed	KR203_HUMAN	Keratin-associated protein 20-3	KRTAP20-3 KAP20.3	Homo sapiens (Human)	44	KRTAP20-3
Q3LI68	reviewed	KR222_HUMAN	Keratin-associated protein 22-2	KRTAP22-2 KAP22.2	Homo sapiens (Human)	45	KRTAP22-2
Q3LI62	reviewed	KR204_HUMAN	Putative keratin-associated protein 20-4	KRTAP20-4 KAP20.4	Homo sapiens (Human)	44	KRTAP20-4
Q8CCX5	reviewed	KT222_MOUSE	Keratin-like protein KRT222 (Keratin-222)	Krt222	Mus musculus (Mouse)	294	Krt222
Q2KI75	reviewed	KT222_BOVIN	Keratin-like protein KRT222 (Keratin-222)	KRT222	Bos taurus (Bovine)	295	KRT222
A4FUZ0	reviewed	KRT83_BOVIN	Keratin, type II cuticular Hb3 (Keratin-83) (K83) (Type II hair keratin Hb3) (Type-II keratin Kb23)	KRT83	Bos taurus (Bovine)	493	KRT83
A0A286YEY9	reviewed	SCGR1_HUMAN	Small cysteine and glycine repeat-containing protein 1 (Keratin-associated protein 28-1)	SCYGR1 KRTAP28-1	Homo sapiens (Human)	88	SCYGR1
A0A286YF46	reviewed	SCGR5_HUMAN	Small cysteine and glycine repeat-containing protein 5 (Keratin-associated protein 28-5)	SCYGR5 KRTAP28-5	Homo sapiens (Human)	85	SCYGR5
A0A286YF60	reviewed	SCGR3_HUMAN	Small cysteine and glycine repeat-containing protein 3 (Keratin-associated protein 28-3)	SCYGR3 KRTAP28-3	Homo sapiens (Human)	100	SCYGR3
A0A286YF77	reviewed	SCGR6_HUMAN	Small cysteine and glycine repeat-containing protein 6 (Keratin-associated protein 28-6)	SCYGR6 KRTAP28-6	Homo sapiens (Human)	105	SCYGR6
A0A286YEV6	reviewed	SCGR4_HUMAN	Small cysteine and glycine repeat-containing protein 4 (Keratin-associated protein 28-4)	SCYGR4 KRTAP28-4	Homo sapiens (Human)	105	SCYGR4
A0A286YF01	reviewed	SCGR7_HUMAN	Small cysteine and glycine repeat-containing protein 7 (Keratin-associated protein 28-7)	SCYGR7 KRTAP28-7	Homo sapiens (Human)	96	SCYGR7
A0A286YFB4	reviewed	SCGR2_HUMAN	Small cysteine and glycine repeat-containing protein 2 (Keratin-associated protein 28-2)	SCYGR2 KRTAP28-2	Homo sapiens (Human)	120	SCYGR2
A0A286YFG1	reviewed	SCGR8_HUMAN	Small cysteine and glycine repeat-containing protein 8 (Keratin-associated protein 28-8)	SCYGR8 KRTAP28-8	Homo sapiens (Human)	108	SCYGR8
Q8K0Y2	reviewed	KT33A_MOUSE	Keratin, type I cuticular Ha3-I (Hair keratin, type I Ha3-I) (Keratin-33A) (K33A)	Krt33a	Mus musculus (Mouse)	404	Krt33a
Q925H6	reviewed	KR193_MOUSE	Keratin-associated protein 19-3 (Keratin-associated protein 16-5) (Keratin-associated protein 16.5)	Krtap19-3 Krtap16-5 Krtap16.5	Mus musculus (Mouse)	87	Krtap19-3
Q925H3	reviewed	KRA65_MOUSE	Keratin-associated protein 6-5 (Keratin-associated protein 16-8) (Keratin-associated protein 16.8)	Krtap6-5 Krtap16-8 Krtap16.8	Mus musculus (Mouse)	78	Krtap6-5
Q925I0	reviewed	KR192_MOUSE	Keratin-associated protein 19-2 (Keratin-associated protein 16-1) (Keratin-associated protein 16.1)	Krtap19-2 Krtap16-1 Krtap16.1	Mus musculus (Mouse)	141	Krtap19-2
Q925H2	reviewed	KR191_MOUSE	Keratin-associated protein 19-1 (Keratin-associated protein 16-9) (Keratin-associated protein 16.9)	Krtap19-1 Krtap16-9 Krtap16.9	Mus musculus (Mouse)	87	Krtap19-1
Q925H7	reviewed	KR194_MOUSE	Keratin-associated protein 19-4 (Keratin-associated protein 16-4) (Keratin-associated protein 16.4)	Krtap19-4 Krtap16-4 Krtap16.4	Mus musculus (Mouse)	84	Krtap19-4
A2A591	reviewed	KRA31_MOUSE	Keratin-associated protein 3-1 (High-sulfur keratin protein)	Krtap3-1	Mus musculus (Mouse)	98	Krtap3-1
A0A286YEX9	reviewed	SCGRX_HUMAN	Small cysteine and glycine repeat-containing protein 10 (Keratin-associated protein 28 family pseudogene 2)	SCYGR10 KRTAP28p2	Homo sapiens (Human)	47	SCYGR10
A2A5X4	reviewed	KR291_MOUSE	Keratin-associated protein 29-1 (Keratin-associated protein 29.2)	Krtap29-1 Gm14195 Kap29.2	Mus musculus (Mouse)	342	Krtap29-1
Q3V2C1	reviewed	KRA93_MOUSE	Keratin-associated protein 9-3 (Keratin-associated protein 9.3) (Ultrahigh sulfur keratin-associated protein 9.3)	Krtap9-3	Mus musculus (Mouse)	136	Krtap9-3
A6H712	reviewed	K1C26_BOVIN	Keratin, type I cytoskeletal 26 (Cytokeratin-26) (CK-26) (Keratin-26) (K26) (Type I inner root sheath-specific keratin-K25irs2)	KRT26	Bos taurus (Bovine)	469	KRT26
Q24JX8	reviewed	KRA31_BOVIN	Keratin-associated protein 3-1	KRTAP3-1	Bos taurus (Bovine)	98	KRTAP3-1
Q05B44	reviewed	KR122_BOVIN	Keratin-associated protein 12-2	KRTAP12-2	Bos taurus (Bovine)	124	KRTAP12-2
Q9D7N2	reviewed	KR261_MOUSE	Keratin-associated protein 26-1	Krtap26-1	Mus musculus (Mouse)	215	Krtap26-1
A6QP35	reviewed	KR108_BOVIN	Keratin-associated protein 10-8	KRTAP10-8	Bos taurus (Bovine)	218	KRTAP10-8
Q24JX9	reviewed	KRA33_BOVIN	Keratin-associated protein 3-3	KRTAP3-3	Bos taurus (Bovine)	98	KRTAP3-3
Q9D7P0	reviewed	KRA33_MOUSE	Keratin-associated protein 3-3	Krtap3-3	Mus musculus (Mouse)	99	Krtap3-3
Q9Z287	reviewed	KR121_MOUSE	Keratin-associated protein 12-1	Krtap12-1	Mus musculus (Mouse)	130	Krtap12-1
Q2TA51	reviewed	KRA55_MOUSE	Keratin-associated protein 5-5	Krtap5-5	Mus musculus (Mouse)	241	Krtap5-5
Q9D226	reviewed	KRA53_MOUSE	Keratin-associated protein 5-3	Krtap5-3	Mus musculus (Mouse)	196	Krtap5-3
Q9D5Z7	reviewed	KRA52_MOUSE	Keratin-associated protein 5-2	Krtap5-2	Mus musculus (Mouse)	189	Krtap5-2
Q99NG9	reviewed	K199B_MOUSE	Keratin-associated protein 19-9b (High-glycine/tyrosine protein type I E5) (Keratin-associated protein 16-10-like) (Keratin-associated protein 16-10b)	Krtap19-9b Krtap16-10b Krtap16.10L	Mus musculus (Mouse)	58	Krtap19-9b
Q9QZU5	reviewed	KR151_MOUSE	Keratin-associated protein 15-1 (Keratin-associated protein 15) (Pubertal mammary gland-specific protein 2)	Krtap15-1 Krtap15 Pmg2	Mus musculus (Mouse)	150	Krtap15-1
O08632	reviewed	KR195_MOUSE	Keratin-associated protein 19-5 (Glycine tyrosine-rich hair protein) (High-glycine tyrosine keratin type 1 alpha) (HGTp type 1 alpha) (Keratin-associated protein 8-2)	Krtap19-5 Krtap8-2	Mus musculus (Mouse)	62	Krtap19-5
Q1RM03	reviewed	TCHP_DANRE	Trichoplein keratin filament-binding protein (Protein TCHP)	tchp zgc:136634	Danio rerio (Zebrafish) (Brachydanio rerio)	499	tchp
O08884	reviewed	KRA62_MOUSE	Keratin-associated protein 6-2 (High-glycine tyrosine keratin type II.4) (HGTp type II.4) (HgtpII.4)	Krtap6-2	Mus musculus (Mouse)	159	Krtap6-2
P04262	reviewed	K2CB_BOVIN	Keratin, type II cytoskeletal 68 kDa, component IB		Bos taurus (Bovine)	166	
P02539	reviewed	K2M1_SHEEP	Keratin, type II microfibrillar (Low-sulfur keratin)		Ovis aries (Sheep)	109	
B0LKP1	reviewed	KRT35_SHEEP	Keratin, type I cuticular Ha5 (Keratin-35) (K35)	KRT35	Ovis aries (Sheep)	455	KRT35
P26372	reviewed	KRUC_SHEEP	Keratin, ultra high-sulfur matrix protein (UHS keratin)		Ovis aries (Sheep)	182	
A5A6P3	reviewed	KT33A_PANTR	Keratin, type I cuticular Ha3-I (Hair keratin, type I Ha3-I) (Keratin-33A) (K33A)	KRT33A KRTHA3A	Pan troglodytes (Chimpanzee)	404	KRT33A
P20308	reviewed	KRFA_CHICK	Feather keratin 4 (F-ker) (Keratin gene A protein)		Gallus gallus (Chicken)	98	
P02450	reviewed	KRFC_CHICK	Feather keratin 1 (F-ker) (Keratin gene C protein)		Gallus gallus (Chicken)	98	
P04458	reviewed	KRFB_CHICK	Feather keratin 2 (F-ker) (Keratin gene B protein)		Gallus gallus (Chicken)	98	
Q8AWA7	reviewed	K1C11_LAMFL	Keratin, type 1 cytoskeletal 11 (Type I keratin 11)		Lampetra fluviatilis (European river lamprey) (Petromyzon fluviatilis)	482	
P20307	reviewed	KRFD_CHICK	Feather keratin 3 (F-ker) (Keratin gene D protein)		Gallus gallus (Chicken)	98	
A5A6P5	reviewed	KRA92_PANTR	Keratin-associated protein 9-2 (Keratin-associated protein 9.2)	KRTAP9-2	Pan troglodytes (Chimpanzee)	170	KRTAP9-2
Q6R645	reviewed	KR151_CAPHI	Keratin-associated protein 15-1 (Keratin-associated protein 15.1)	KRTAP15-1	Capra hircus (Goat)	136	KRTAP15-1
O13152	reviewed	KRFJ_CHICK	Beta-keratin-related protein	BKJ	Gallus gallus (Chicken)	109	BKJ
Q92012	reviewed	KRFJ_COTJA	Beta-keratin-related protein	BKJ	Coturnix japonica (Japanese quail) (Coturnix coturnix japonica)	109	BKJ
P02449	reviewed	KRFT_DRONO	Feather keratin (F-ker)		Dromaius novaehollandiae (Emu)	102	
Q62220	reviewed	KRA54_MOUSE	Keratin-associated protein 5-4 (Ultra high sulfur serine protein 2) (UHS-Ser-2)	Krtap5-4	Mus musculus (Mouse)	223	Krtap5-4
P86246	reviewed	K1C19_MESAU	Keratin, type I cytoskeletal 19 (Cytokeratin-19) (CK-19) (Keratin-19) (K19)	KRT19	Mesocricetus auratus (Golden hamster)	110	KRT19
Q5K2P4	reviewed	K1C13_PROAT	Keratin, type I cytoskeletal 13 (Cytokeratin-13) (CK-13) (Keratin-13) (K13)	KRT13	Protopterus aethiopicus (Marbled lungfish)	465	KRT13
O77727	reviewed	K1C15_SHEEP	Keratin, type I cytoskeletal 15 (Cytokeratin-15) (CK-15) (Keratin-15) (K15)	KRT15	Ovis aries (Sheep)	453	KRT15
Q29218	reviewed	K1C20_PIG	Keratin, type I cytoskeletal 20 (Cytokeratin-20) (CK-20) (Keratin-20) (K20)	KRT20	Sus scrofa (Pig)	107	KRT20
Q5K2P2	reviewed	K1C15_PROAT	Keratin, type I cytoskeletal 15 (Cytokeratin-15) (CK-15) (Keratin-15) (K15)	KRT15	Protopterus aethiopicus (Marbled lungfish)	441	KRT15
P04459	reviewed	KRSC_CHICK	Scale keratin (S-ker) (sKer)		Gallus gallus (Chicken)	155	
P25692	reviewed	KRCL_CHICK	Claw keratin (C-ker) (cKer)	CKER1	Gallus gallus (Chicken)	128	CKER1
Q98U05	reviewed	KRFB_MYCAM	Feather beta keratin (F-ker)		Mycteria americana (Wood stork)	98	
Q98U06	reviewed	KRFB_CATAU	Feather beta keratin (F-ker)		Cathartes aura (Turkey vulture) (Vultur aura)	98	
O93499	reviewed	KRF2_COLLI	Feather keratin Cos1-2 (F-ker)		Columba livia (Rock dove)	101	
P08335	reviewed	KRFT_ANAPL	Feather keratin B-4 (F-ker)		Anas platyrhynchos (Mallard) (Anas boschas)	95	
P02439	reviewed	KRB2B_SHEEP	Keratin, high-sulfur matrix protein, B2B		Ovis aries (Sheep)	156	
P02440	reviewed	KRB2C_SHEEP	Keratin, high-sulfur matrix protein, B2C		Ovis aries (Sheep)	152	
P02441	reviewed	KRA3_SHEEP	Keratin, high-sulfur matrix protein, IIIA3		Ovis aries (Sheep)	131	
P02443	reviewed	KRA3A_SHEEP	Keratin, high-sulfur matrix protein, IIIA3A		Ovis aries (Sheep)	130	
P05781	reviewed	K1C4_XENLA	Keratin, type I cytoskeletal 47 kDa	xk81b2	Xenopus laevis (African clawed frog)	419	xk81b2
P07521	reviewed	KRFT_COLLI	Feather keratin B-4 (F-ker)		Columba livia (Rock dove)	95	
P08131	reviewed	KRB2D_SHEEP	Keratin, high-sulfur matrix protein, B2D		Ovis aries (Sheep)	182	
P08778	reviewed	K1C5_XENLA	Keratin, type I cytoskeletal 47 kDa	xk70a	Xenopus laevis (African clawed frog)	433	xk70a
O93500	reviewed	KRF3_COLLI	Feather keratin Cos2-2 (F-ker)		Columba livia (Rock dove)	101	
P05782	reviewed	K1C3_XENLA	Keratin, type I cytoskeletal 47 kDa	xk81b1	Xenopus laevis (African clawed frog)	280	xk81b1
Q9PSV3	reviewed	KRF4_COLLI	Feather keratin Cos2-3 (F-ker)		Columba livia (Rock dove)	101	
A0AUT1	reviewed	TCHP_XENLA	Trichoplein keratin filament-binding protein (Protein TCHP)	tchp	Xenopus laevis (African clawed frog)	499	tchp
O93532	reviewed	K2CO_CHICK	Keratin, type II cytoskeletal cochleal (Cytokeratin otokeratin)		Gallus gallus (Chicken)	492	
P02442	reviewed	KRA3_CAPHI	Keratin, high-sulfur matrix protein, IIIA3 (M2.6 protein)		Capra hircus (Goat)	132	
Q9PRI5	reviewed	KRF1_COLLI	Feather keratin Cos1-1/Cos1-3/Cos2-1 (F-ker)		Columba livia (Rock dove)	101	
P86498	reviewed	KRT_CEREL	Keratin		Cervus elaphus (Red deer)	23	
